Workbook
Name lstBrand: OFFSET('Daily Data'!$T$2,0,0,1+COUNTIF('Daily Data'!$T$3:$T$29,"?*"),1)
Name lstCategory: 'Daily Data'!$Q$2:$Q$4
Name lstDate: OFFSET('Daily Data'!$R$2,0,0,1+COUNT('Daily Data'!$R$3:$R$27),1)
Name lstDay: 'Daily Data'!$S$2:$S$9
Name lstFlavor: 'Daily Data'!$V$2:$V$7
Name lstItem: OFFSET('Daily Data'!$U$2,0,0,1+COUNTIF('Daily Data'!$U$3:$U$29,"?*"),1)
Name lstWeek: 'Daily Data'!$P$2:$P$7

Sheet Dashboard
B1: X Pantry Management - Control Dashboard
B2: ="Stock position as of "&TEXT('Item Purchases'!H1,"dd mmm yyyy")&" | purchase horizon to "&TEXT('Item Purchases'!J1,"dd mmm yyyy")&" | data checks: "&'Accuracy Check'!$B$15&" | forecasts to review: "&(COUNTIF('Accuracy Check'!$S$28:$S$54,"DRIFTING")+COUNTIF('Accuracy Check'!$S$28:$S$54,"POOR")) -> Stock position as of 30 Sep 2026 | purchase horizon to 31 Oct 2026 | data checks: 9 of 9 checks passed | forecasts to review: 14
B3: FILTERS - pick a value in any box below (All = no filter)
B4: WEEK | E4: CATEGORY | H4: FLAVOR PROFILE | K4: DATE | N4: DAY | Q4: BRAND | U4: ITEM
B5: All | E5: All | H5: All | K5: All | N5: All | Q5: All | U5: All
B6: Category / Flavor profile / Brand / Item filter every card and chart. Week / Date / Day also filter the Activity Analysis section (bottom). Set a box back to All to clear it.
B7: PANTRY INSIGHTS - stock in the pantry, what people use and prefer | CV7: STOREHOUSE INSIGHTS - stock held back from the pantry, transfers, spoilage and the stocking decision
B8: ITEMS TRACKED | D8: OUT OF STOCK | F8: CRITICAL | H8: LOW | J8: WATCH | L8: HEALTHY | N8: NO USAGE | P8: ORDER NOW (ITEMS) | R8: CARTONS TO BUY | T8: EST. ORDER COST | V8: COUNT TALLY % | X8: MISMATCHES | CV8: STOREHOUSE STOCK | CY8: STOCK OUT (MTD) | DB8: SPOILED / DAMAGED | DE8: SENT TO PANTRY (NET) | DH8: RECEIVED IN (MTD) | DK8: ITEMS EMPTY | DN8: COVER (DAYS) | DQ8: TRANSFER MISMATCH
B9: =COUNTIFS('Item Purchases'!$W$4:$W$30,1) -> 26 | D9: =COUNTIFS('Item Purchases'!$M$4:$M$30,"OUT OF STOCK",'Item Purchases'!$W$4:$W$30,1) -> 2 | F9: =COUNTIFS('Item Purchases'!$M$4:$M$30,"CRITICAL",'Item Purchases'!$W$4:$W$30,1) -> 4 | H9: =COUNTIFS('Item Purchases'!$M$4:$M$30,"LOW",'Item Purchases'!$W$4:$W$30,1) -> 7 | J9: =COUNTIFS('Item Purchases'!$M$4:$M$30,"WATCH",'Item Purchases'!$W$4:$W$30,1) -> 6 | L9: =COUNTIFS('Item Purchases'!$M$4:$M$30,"HEALTHY",'Item Purchases'!$W$4:$W$30,1) -> 4 | N9: =COUNTIFS('Item Purchases'!$M$4:$M$30,"NO USAGE",'Item Purchases'!$W$4:$W$30,1) -> 3 | P9: =COUNTIFS('Item Purchases'!$O$4:$O$30,">0",'Item Purchases'!$W$4:$W$30,1) -> 22 | R9: =SUMIFS('Item Purchases'!$O$4:$O$30,'Item Purchases'!$W$4:$W$30,1) -> 354 | T9: =SUMIFS('Item Purchases'!$R$4:$R$30,'Item Purchases'!$W$4:$W$30,1) -> 9575.518 | V9: =IF(SUMPRODUCT(ISNUMBER('Storehouse Replenishment Schedu'!$CS$4:$CS$30)*('Item Purchases'!$W$4:$W$30=1))=0,"n/a",SUMPRODUCT(('Storehouse Replenishment Schedu'!$CU$4:$CU$30="TALLY")*('Item Purchases'!$W$4:$W$30=1))/SUMPRODUCT(ISNUMBER('Storehouse Replenishment Schedu'!$CS$4:$CS$30)*('Item Purchases'!$W$4:$W$30=1))) -> 1 | X9: =SUMPRODUCT(('Storehouse Replenishment Schedu'!$CU$4:$CU$30="MISMATCH")*('Item Purchases'!$W$4:$W$30=1)) -> 0 | CV9: =SUMPRODUCT('Storehouse Replenishment Schedu'!$CR$4:$CR$30*('Item Purchases'!$W$4:$W$30=1)) -> 1589 | CY9: =SUMPRODUCT('Storehouse Replenishment Schedu'!$CP$4:$CP$30*('Item Purchases'!$W$4:$W$30=1)) -> 5569 | DB9: =SUMPRODUCT('Storehouse Replenishment Schedu'!$CX$4:$CX$30*('Item Purchases'!$W$4:$W$30=1)) -> 2 | DE9: =CY9-DB9 -> 5567 | DH9: =SUMPRODUCT('Storehouse Replenishment Schedu'!$CQ$4:$CQ$30*('Item Purchases'!$W$4:$W$30=1)) -> 6046 | DK9: =SUMPRODUCT(($BN$17:$BN$43=1)*($BO$17:$BO$43<=0)) -> 10 | DN9: =IF(SUMPRODUCT(($BN$17:$BN$43=1)*$BQ$17:$BQ$43)=0,"n/a",SUMPRODUCT(($BN$17:$BN$43=1)*$BO$17:$BO$43)/SUMPRODUCT(($BN$17:$BN$43=1)*$BQ$17:$BQ$43)) -> 4.9203527 | DQ9: =SUMPRODUCT(ABS($BW$17:$BW$43)*('Item Purchases'!$W$4:$W$30=1)) -> 0
B11: WHAT PEOPLE PREFER - units consumed for the current filters (Flavor profile ignored) (needle = leading type) | R11: STOCK COVER - days left, 10 most urgent items | CV11: STOREHOUSE MOVEMENT AND WHERE THE STOCK SITS (Category / Flavor profile / Brand / Item filters apply)
AB12: FEED FOR GAUGES / CHARTS - formulas, please do not overwrite
AB13: Needle width | AC13: 2 | AD13: (chart units, 200 = full circle)
AH14: FEED FOR ACTIVITY ANALYSIS & ABC - formulas, please do not overwrite
AB15: SNACKS (Sweet vs Savoury) | BM15: FEED FOR STOREHOUSE INSIGHTS - formulas, please do not overwrite | CT15: FEED FOR LOW-PREFERENCE REVIEW - formulas, please do not overwrite
AB16: Type | AC16: Units | AD16: Share % | AE16: Chart label | AF16: Needle | AH16: Date label | AI16: Units | AJ16: Date | AK16: Counted rows | AM16: Day | AN16: Units | AP16: Item | AQ16: Units | AR16: Rank | AT16: Item | AU16: Value | AV16: Rank | AW16: Share | AX16: Cum. share before | AY16: Class | BA16: Rank | BB16: Item (short) | BC16: Value | BD16: Cumulative % | BF16: Class | BG16: Items | BH16: Share of value | BJ16: Class A item | BK16: Value | BM16: Item | BN16: In filter & has usage | BO16: Storehouse stock | BP16: Pantry stock | BQ16: Avg use/day | BR16: Storehouse cover (d) | BS16: Total cover (d) | BT16: Pantry cover (d) | BU16: Stock out MTD | BV16: Pantry received MTD | BW16: Difference | BX16: Action | BY16: Watch rank | BZ16: Gap rank | CA16: Recon flag | CB16: Spoiled / damaged | CC16: Sent to pantry (net) | CD16: Spoilage note | CG16: Date | CH16: Label | CI16: Stock out | CJ16: Received from suppliers | CK16: Pantry received (all items) | CL16: Gap (all items) | CM16: Abs gap | CP16: Flavor profile | CQ16: Storehouse | CR16: Pantry | CT16: Eligible (1/0) | CU16: Preference rank (lowest first)
AB17: Sweet | AC17: =SUMIFS('Daily Data'!$I$2:$I$1000,'Daily Data'!$F$2:$F$1000,$AB17,'Daily Data'!$N$2:$N$1000,1) -> 807 | AD17: =IF($AC$21=0,100/2,AC17/$AC$21*100) -> 47.526502 | AE17: =AB17 -> Sweet | AF17: =$AC$24-$AC$13/2 -> 72.763251 | AH17: =IF(AJ17="","",TEXT(AJ17,"dd mmm")) -> 01 Sep | AI17: =IF(AJ17="","",SUMIFS('Daily Data'!$I$2:$I$1000,'Daily Data'!$A$2:$A$1000,AJ17,'Daily Data'!$M$2:$M$1000,1)) -> 283 | AJ17: ='Daily Data'!$R$3 -> 46266 | AK17: =IF(AJ17="","",COUNTIFS('Daily Data'!$A$2:$A$1000,AJ17,'Daily Data'!$M$2:$M$1000,1,'Daily Data'!$L$2:$L$1000,1)) -> 25 | AM17: Tue | AN17: =SUMIFS('Daily Data'!$I$2:$I$1000,'Daily Data'!$B$2:$B$1000,AM17,'Daily Data'!$M$2:$M$1000,1) -> 1180 | AP17: =IF('Item Purchases'!$B$4="","",'Item Purchases'!$B$4) -> Julie's Peanut Butter Sandwich 360g (12pkts x 30g) | AQ17: =IF(AP17="","",SUMIFS('Daily Data'!$I$2:$I$1000,'Daily Data'!$E$2:$E$1000,AP17,'Daily Data'!$M$2:$M$1000,1)) -> 197 | AR17: =IF(AP17="","",SUMPRODUCT(ISNUMBER($AQ$17:$AQ$43)*($AQ$17:$AQ$43>AQ17))+SUMPRODUCT(ISNUMBER($AQ$17:AQ17)*($AQ$17:AQ17=AQ17))) -> 13 | AT17: =AP17 -> Julie's Peanut Butter Sandwich 360g (12pkts x 30g) | AU17: =IF(AT17="","",SUMIFS('Daily Data'!$K$2:$K$1000,'Daily Data'!$E$2:$E$1000,AT17,'Daily Data'!$M$2:$M$1000,1)) -> 213.351 | AV17: =IF(OR(AT17="",N(AU17)<=0),"",SUMPRODUCT(ISNUMBER($AU$17:$AU$43)*($AU$17:$AU$43>AU17))+SUMPRODUCT(ISNUMBER($AU$17:AU17)*($AU$17:AU17=AU17))) -> 14 | AW17: =IF(AV17="","",AU17/$AU$45) -> 0.020733446 | AX17: =IF(AV17="","",SUMIFS($AU$17:$AU$43,$AV$17:$AV$43,"<"&AV17)/$AU$45) -> 0.86752357 | AY17: =IF(AT17="","",IF(AV17="","-",IF(AX17<'Item Purchases'!$E$49,"A",IF(AX17<'Item Purchases'!$E$50,"B","C")))) -> B | BA17: 1 | BB17: =IFERROR(LEFT(INDEX($AT$17:$AT$43,MATCH(1,$AV$17:$AV$43,0)),20),"") -> Lays Double Crunch - | BC17: =IFERROR(INDEX($AU$17:$AU$43,MATCH(1,$AV$17:$AV$43,0)),0) -> 1260 | BD17: =IF($AU$45=0,0,IFERROR(INDEX($AX$17:$AX$43,MATCH(1,$AV$17:$AV$43,0))+INDEX($AW$17:$AW$43,MATCH(1,$AV$17:$AV$43,0)),1)) -> 0.12244678 | BF17: A | BG17: =COUNTIF($AY$17:$AY$43,BF17) -> 11 | BH17: =IF($AU$45=0,0,SUMIFS($AU$17:$AU$43,$AY$17:$AY$43,BF17)/$AU$45) -> 0.80748286 | BJ17: =IF(1>$BG$17,"",INDEX($AT$17:$AT$43,MATCH(1,$AV$17:$AV$43,0))) -> Lays Double Crunch - Seaweed Flav (50g) | BK17: =IF(1>$BG$17,"",INDEX($AU$17:$AU$43,MATCH(1,$AV$17:$AV$43,0))) -> 1260 | BM17: =IF('Item Purchases'!$B4="","",'Item Purchases'!$B4) -> Julie's Peanut Butter Sandwich 360g (12pkts x 30g) | BN17: =IF(AND(BM17<>"",'Item Purchases'!$W4=1,'Item Purchases'!$AN4<>"Discontinued",N('Item Purchases'!$C4)>0),1,0) -> 1 | BO17: =N('Storehouse Replenishment Schedu'!$CR4) -> 48 | BP17: =N('Item Purchases'!$E4) -> 36 | BQ17: =N('Item Purchases'!$C4) -> 8.9545455 | BR17: =IF(BN17=1,BO17/BQ17,"") -> 5.3604061 | BS17: =IF(BN17=1,(BO17+BP17)/BQ17,"") -> 9.3807107 | BT17: =IF(BN17=1,BP17/BQ17,"") -> 4.0203046 | BU17: =N('Storehouse Replenishment Schedu'!$CP4) -> 192 | BV17: =IF(BM17="",0,SUMIFS('Daily Data'!$G$2:$G$1000,'Daily Data'!$E$2:$E$1000,BM17)) -> 192 | BW17: =CC17-BV17 -> 0 | BX17: =IF(BN17<>1,"",IF(BO17<=0,IF(BT17<='Item Purchases'!$E$38,"EMPTY - ORDER NOW","EMPTY - PLAN ORDER"),IF(BR17<='Item Purchases'!$E$51,"ORDER NOW",IF(BT17<='Item Purchases'!$E$38,"TRANSFER TO PANTRY",IF(BR17<='Item Purchases'!$E$39,"WATCH","OK"))))) -> TRANSFER TO PANTRY | BY17: =IF(BN17=1,SUMPRODUCT(($BN$17:$BN$43=1)*(($BR$17:$BR$43<BR17)+($BR$17:$BR$43=BR17)*($BT$17:$BT$43<BT17)))+SUMPRODUCT(($BN$17:$BN17=1)*($BR$17:$BR17=BR17)*($BT$17:$BT17=BT17)),"") -> 15 | BZ17: =IF(CA17>0,COUNTIF($CA$17:$CA$43,">"&CA17)+COUNTIF($CA$17:CA17,CA17),"") | CA17: =IF(AND(BM17<>"",'Item Purchases'!$W4=1),ABS(BW17)*1000+CB17,0) -> 0 | CB17: =N('Storehouse Replenishment Schedu'!$CX4) -> 0 | CC17: =BU17-CB17 -> 192 | CD17: =IF('Storehouse Replenishment Schedu'!$CY4="","",'Storehouse Replenishment Schedu'!$CY4) | CG17: =INDEX('Storehouse Replenishment Schedu'!$D$2:$CO$2,1,1) -> 46266 | CH17: =IF(CG17="","",TEXT(CG17,"dd mmm")) -> 01 Sep | CI17: =SUMPRODUCT(INDEX('Storehouse Replenishment Schedu'!$D$4:$CO$30,0,1)*('Item Purchases'!$W$4:$W$30=1)) -> 267 | CJ17: =SUMPRODUCT(INDEX('Storehouse Replenishment Schedu'!$D$4:$CO$30,0,2)*('Item Purchases'!$W$4:$W$30=1)) -> 89 | CK17: =IF(CG17="",0,SUMIFS('Daily Data'!$G$2:$G$1000,'Daily Data'!$A$2:$A$1000,CG17)) -> 267 | CL17: =SUMPRODUCT(INDEX('Storehouse Replenishment Schedu'!$D$4:$CO$30,0,1))-CK17 -> 0 | CM17: =ABS(CL17) -> 0 | CP17: Sweet | CQ17: =SUMPRODUCT(('Item Purchases'!$S$4:$S$30=CP17)*('Item Purchases'!$W$4:$W$30=1)*'Storehouse Replenishment Schedu'!$CR$4:$CR$30) -> 88 | CR17: =SUMPRODUCT(('Item Purchases'!$S$4:$S$30=CP17)*('Item Purchases'!$W$4:$W$30=1)*'Item Purchases'!$E$4:$E$30) -> 138 | CT17: =IF(AND(BM17<>"",'Item Purchases'!$W4=1,ISNUMBER('Item Purchases'!$AQ4),'Item Purchases'!$AS4<>"DISCONTINUED",'Item Purchases'!$AS4<>"NEED MORE DATA"),1,0) -> 1 | CU17: =IF(CT17=1,SUMPRODUCT(($CT$17:$CT$43=1)*('Item Purchases'!$AQ$4:$AQ$30<'Item Purchases'!$AQ4))+SUMPRODUCT(($CT$17:$CT17=1)*('Item Purchases'!$AQ$4:$AQ4='Item Purchases'!$AQ4)),"") -> 13
AB18: Savoury | AC18: =SUMIFS('Daily Data'!$I$2:$I$1000,'Daily Data'!$F$2:$F$1000,$AB18,'Daily Data'!$N$2:$N$1000,1) -> 891 | AD18: =IF($AC$21=0,100/2,AC18/$AC$21*100) -> 52.473498 | AE18: =AB18 -> Savoury | AF18: =$AC$13 -> 2 | AH18: =IF(AJ18="","",TEXT(AJ18,"dd mmm")) -> 02 Sep | AI18: =IF(AJ18="","",SUMIFS('Daily Data'!$I$2:$I$1000,'Daily Data'!$A$2:$A$1000,AJ18,'Daily Data'!$M$2:$M$1000,1)) -> 273 | AJ18: ='Daily Data'!$R$4 -> 46267 | AK18: =IF(AJ18="","",COUNTIFS('Daily Data'!$A$2:$A$1000,AJ18,'Daily Data'!$M$2:$M$1000,1,'Daily Data'!$L$2:$L$1000,1)) -> 25 | AM18: Wed | AN18: =SUMIFS('Daily Data'!$I$2:$I$1000,'Daily Data'!$B$2:$B$1000,AM18,'Daily Data'!$M$2:$M$1000,1) -> 1146 | AP18: =IF('Item Purchases'!$B$5="","",'Item Purchases'!$B$5) -> Julies Butter Waffles | AQ18: =IF(AP18="","",SUMIFS('Daily Data'!$I$2:$I$1000,'Daily Data'!$E$2:$E$1000,AP18,'Daily Data'!$M$2:$M$1000,1)) -> 32 | AR18: =IF(AP18="","",SUMPRODUCT(ISNUMBER($AQ$17:$AQ$43)*($AQ$17:$AQ$43>AQ18))+SUMPRODUCT(ISNUMBER($AQ$17:AQ18)*($AQ$17:AQ18=AQ18))) -> 22 | AT18: =AP18 -> Julies Butter Waffles | AU18: =IF(AT18="","",SUMIFS('Daily Data'!$K$2:$K$1000,'Daily Data'!$E$2:$E$1000,AT18,'Daily Data'!$M$2:$M$1000,1)) -> 164.8 | AV18: =IF(OR(AT18="",N(AU18)<=0),"",SUMPRODUCT(ISNUMBER($AU$17:$AU$43)*($AU$17:$AU$43>AU18))+SUMPRODUCT(ISNUMBER($AU$17:AU18)*($AU$17:AU18=AU18))) -> 16 | AW18: =IF(AV18="","",AU18/$AU$45) -> 0.016015261 | AX18: =IF(AV18="","",SUMIFS($AU$17:$AU$43,$AV$17:$AV$43,"<"&AV18)/$AU$45) -> 0.90847531 | AY18: =IF(AT18="","",IF(AV18="","-",IF(AX18<'Item Purchases'!$E$49,"A",IF(AX18<'Item Purchases'!$E$50,"B","C")))) -> B | BA18: 2 | BB18: =IFERROR(LEFT(INDEX($AT$17:$AT$43,MATCH(2,$AV$17:$AV$43,0)),20),"") -> COWA Coconut Water 3 | BC18: =IFERROR(INDEX($AU$17:$AU$43,MATCH(2,$AV$17:$AV$43,0)),0) -> 1248 | BD18: =IF($AU$45=0,0,IFERROR(INDEX($AX$17:$AX$43,MATCH(2,$AV$17:$AV$43,0))+INDEX($AW$17:$AW$43,MATCH(2,$AV$17:$AV$43,0)),1)) -> 0.2437274 | BF18: B | BG18: =COUNTIF($AY$17:$AY$43,BF18) -> 7 | BH18: =IF($AU$45=0,0,SUMIFS($AU$17:$AU$43,$AY$17:$AY$43,BF18)/$AU$45) -> 0.14419017 | BJ18: =IF(2>$BG$17,"",INDEX($AT$17:$AT$43,MATCH(2,$AV$17:$AV$43,0))) -> COWA Coconut Water 330 ml | BK18: =IF(2>$BG$17,"",INDEX($AU$17:$AU$43,MATCH(2,$AV$17:$AV$43,0))) -> 1248 | BM18: =IF('Item Purchases'!$B5="","",'Item Purchases'!$B5) -> Julies Butter Waffles | BN18: =IF(AND(BM18<>"",'Item Purchases'!$W5=1,'Item Purchases'!$AN5<>"Discontinued",N('Item Purchases'!$C5)>0),1,0) -> 1 | BO18: =N('Storehouse Replenishment Schedu'!$CR5) -> 0 | BP18: =N('Item Purchases'!$E5) -> 0 | BQ18: =N('Item Purchases'!$C5) -> 1.6842105 | BR18: =IF(BN18=1,BO18/BQ18,"") -> 0 | BS18: =IF(BN18=1,(BO18+BP18)/BQ18,"") -> 0 | BT18: =IF(BN18=1,BP18/BQ18,"") -> 0 | BU18: =N('Storehouse Replenishment Schedu'!$CP5) -> 20 | BV18: =IF(BM18="",0,SUMIFS('Daily Data'!$G$2:$G$1000,'Daily Data'!$E$2:$E$1000,BM18)) -> 20 | BW18: =CC18-BV18 -> 0 | BX18: =IF(BN18<>1,"",IF(BO18<=0,IF(BT18<='Item Purchases'!$E$38,"EMPTY - ORDER NOW","EMPTY - PLAN ORDER"),IF(BR18<='Item Purchases'!$E$51,"ORDER NOW",IF(BT18<='Item Purchases'!$E$38,"TRANSFER TO PANTRY",IF(BR18<='Item Purchases'!$E$39,"WATCH","OK"))))) -> EMPTY - ORDER NOW | BY18: =IF(BN18=1,SUMPRODUCT(($BN$17:$BN$43=1)*(($BR$17:$BR$43<BR18)+($BR$17:$BR$43=BR18)*($BT$17:$BT$43<BT18)))+SUMPRODUCT(($BN$17:$BN18=1)*($BR$17:$BR18=BR18)*($BT$17:$BT18=BT18)),"") -> 1 | BZ18: =IF(CA18>0,COUNTIF($CA$17:$CA$43,">"&CA18)+COUNTIF($CA$17:CA18,CA18),"") | CA18: =IF(AND(BM18<>"",'Item Purchases'!$W5=1),ABS(BW18)*1000+CB18,0) -> 0 | CB18: =N('Storehouse Replenishment Schedu'!$CX5) -> 0 | CC18: =BU18-CB18 -> 20 | CD18: =IF('Storehouse Replenishment Schedu'!$CY5="","",'Storehouse Replenishment Schedu'!$CY5) | CG18: =INDEX('Storehouse Replenishment Schedu'!$D$2:$CO$2,1,4) -> 46267 | CH18: =IF(CG18="","",TEXT(CG18,"dd mmm")) -> 02 Sep | CI18: =SUMPRODUCT(INDEX('Storehouse Replenishment Schedu'!$D$4:$CO$30,0,4)*('Item Purchases'!$W$4:$W$30=1)) -> 120 | CJ18: =SUMPRODUCT(INDEX('Storehouse Replenishment Schedu'!$D$4:$CO$30,0,5)*('Item Purchases'!$W$4:$W$30=1)) -> 0 | CK18: =IF(CG18="",0,SUMIFS('Daily Data'!$G$2:$G$1000,'Daily Data'!$A$2:$A$1000,CG18)) -> 120 | CL18: =SUMPRODUCT(INDEX('Storehouse Replenishment Schedu'!$D$4:$CO$30,0,4))-CK18 -> 0 | CM18: =ABS(CL18) -> 0 | CP18: Savoury | CQ18: =SUMPRODUCT(('Item Purchases'!$S$4:$S$30=CP18)*('Item Purchases'!$W$4:$W$30=1)*'Storehouse Replenishment Schedu'!$CR$4:$CR$30) -> 601 | CR18: =SUMPRODUCT(('Item Purchases'!$S$4:$S$30=CP18)*('Item Purchases'!$W$4:$W$30=1)*'Item Purchases'!$E$4:$E$30) -> 171 | CT18: =IF(AND(BM18<>"",'Item Purchases'!$W5=1,ISNUMBER('Item Purchases'!$AQ5),'Item Purchases'!$AS5<>"DISCONTINUED",'Item Purchases'!$AS5<>"NEED MORE DATA"),1,0) -> 1 | CU18: =IF(CT18=1,SUMPRODUCT(($CT$17:$CT$43=1)*('Item Purchases'!$AQ$4:$AQ$30<'Item Purchases'!$AQ5))+SUMPRODUCT(($CT$17:$CT18=1)*('Item Purchases'!$AQ$4:$AQ5='Item Purchases'!$AQ5)),"") -> 5
AB19: (hidden half) | AD19: 100 | AE19: =IF($AC$21=0,"No consumption data yet",UPPER($AC$22)&" leads · "&TEXT(MAX($AD$17:$AD$18)/100,"0%")&" of "&TEXT($AC$21,"#,##0")&" units") -> SAVOURY leads · 52% of 1,698 units | AF19: =100-$AC$24-$AC$13/2 -> 25.236749 | AH19: =IF(AJ19="","",TEXT(AJ19,"dd mmm")) -> 03 Sep | AI19: =IF(AJ19="","",SUMIFS('Daily Data'!$I$2:$I$1000,'Daily Data'!$A$2:$A$1000,AJ19,'Daily Data'!$M$2:$M$1000,1)) -> 196 | AJ19: ='Daily Data'!$R$5 -> 46268 | AK19: =IF(AJ19="","",COUNTIFS('Daily Data'!$A$2:$A$1000,AJ19,'Daily Data'!$M$2:$M$1000,1,'Daily Data'!$L$2:$L$1000,1)) -> 25 | AM19: Thu | AN19: =SUMIFS('Daily Data'!$I$2:$I$1000,'Daily Data'!$B$2:$B$1000,AM19,'Daily Data'!$M$2:$M$1000,1) -> 1083 | AP19: =IF('Item Purchases'!$B$6="","",'Item Purchases'!$B$6) -> Julies Choco More Sandwich (44G) | AQ19: =IF(AP19="","",SUMIFS('Daily Data'!$I$2:$I$1000,'Daily Data'!$E$2:$E$1000,AP19,'Daily Data'!$M$2:$M$1000,1)) -> 100 | AR19: =IF(AP19="","",SUMPRODUCT(ISNUMBER($AQ$17:$AQ$43)*($AQ$17:$AQ$43>AQ19))+SUMPRODUCT(ISNUMBER($AQ$17:AQ19)*($AQ$17:AQ19=AQ19))) -> 18 | AT19: =AP19 -> Julies Choco More Sandwich (44G) | AU19: =IF(AT19="","",SUMIFS('Daily Data'!$K$2:$K$1000,'Daily Data'!$E$2:$E$1000,AT19,'Daily Data'!$M$2:$M$1000,1)) -> 120 | AV19: =IF(OR(AT19="",N(AU19)<=0),"",SUMPRODUCT(ISNUMBER($AU$17:$AU$43)*($AU$17:$AU$43>AU19))+SUMPRODUCT(ISNUMBER($AU$17:AU19)*($AU$17:AU19=AU19))) -> 21 | AW19: =IF(AV19="","",AU19/$AU$45) -> 0.011661598 | AX19: =IF(AV19="","",SUMIFS($AU$17:$AU$43,$AV$17:$AV$43,"<"&AV19)/$AU$45) -> 0.97665081 | AY19: =IF(AT19="","",IF(AV19="","-",IF(AX19<'Item Purchases'!$E$49,"A",IF(AX19<'Item Purchases'!$E$50,"B","C")))) -> C | BA19: 3 | BB19: =IFERROR(LEFT(INDEX($AT$17:$AT$43,MATCH(3,$AV$17:$AV$43,0)),20),"") -> Oat Side Chocolate 2 | BC19: =IFERROR(INDEX($AU$17:$AU$43,MATCH(3,$AV$17:$AV$43,0)),0) -> 1149 | BD19: =IF($AU$45=0,0,IFERROR(INDEX($AX$17:$AX$43,MATCH(3,$AV$17:$AV$43,0))+INDEX($AW$17:$AW$43,MATCH(3,$AV$17:$AV$43,0)),1)) -> 0.3553872 | BF19: C | BG19: =COUNTIF($AY$17:$AY$43,BF19) -> 5 | BH19: =IF($AU$45=0,0,SUMIFS($AU$17:$AU$43,$AY$17:$AY$43,BF19)/$AU$45) -> 0.048326974 | BJ19: =IF(3>$BG$17,"",INDEX($AT$17:$AT$43,MATCH(3,$AV$17:$AV$43,0))) -> Oat Side Chocolate 200ml | BK19: =IF(3>$BG$17,"",INDEX($AU$17:$AU$43,MATCH(3,$AV$17:$AV$43,0))) -> 1149 | BM19: =IF('Item Purchases'!$B6="","",'Item Purchases'!$B6) -> Julies Choco More Sandwich (44G) | BN19: =IF(AND(BM19<>"",'Item Purchases'!$W6=1,'Item Purchases'!$AN6<>"Discontinued",N('Item Purchases'!$C6)>0),1,0) -> 1 | BO19: =N('Storehouse Replenishment Schedu'!$CR6) -> 40 | BP19: =N('Item Purchases'!$E6) -> 20 | BQ19: =N('Item Purchases'!$C6) -> 10 | BR19: =IF(BN19=1,BO19/BQ19,"") -> 4 | BS19: =IF(BN19=1,(BO19+BP19)/BQ19,"") -> 6 | BT19: =IF(BN19=1,BP19/BQ19,"") -> 2 | BU19: =N('Storehouse Replenishment Schedu'!$CP6) -> 120 | BV19: =IF(BM19="",0,SUMIFS('Daily Data'!$G$2:$G$1000,'Daily Data'!$E$2:$E$1000,BM19)) -> 120 | BW19: =CC19-BV19 -> 0 | BX19: =IF(BN19<>1,"",IF(BO19<=0,IF(BT19<='Item Purchases'!$E$38,"EMPTY - ORDER NOW","EMPTY - PLAN ORDER"),IF(BR19<='Item Purchases'!$E$51,"ORDER NOW",IF(BT19<='Item Purchases'!$E$38,"TRANSFER TO PANTRY",IF(BR19<='Item Purchases'!$E$39,"WATCH","OK"))))) -> ORDER NOW | BY19: =IF(BN19=1,SUMPRODUCT(($BN$17:$BN$43=1)*(($BR$17:$BR$43<BR19)+($BR$17:$BR$43=BR19)*($BT$17:$BT$43<BT19)))+SUMPRODUCT(($BN$17:$BN19=1)*($BR$17:$BR19=BR19)*($BT$17:$BT19=BT19)),"") -> 14 | BZ19: =IF(CA19>0,COUNTIF($CA$17:$CA$43,">"&CA19)+COUNTIF($CA$17:CA19,CA19),"") | CA19: =IF(AND(BM19<>"",'Item Purchases'!$W6=1),ABS(BW19)*1000+CB19,0) -> 0 | CB19: =N('Storehouse Replenishment Schedu'!$CX6) -> 0 | CC19: =BU19-CB19 -> 120 | CD19: =IF('Storehouse Replenishment Schedu'!$CY6="","",'Storehouse Replenishment Schedu'!$CY6) | CG19: =INDEX('Storehouse Replenishment Schedu'!$D$2:$CO$2,1,7) -> 46268 | CH19: =IF(CG19="","",TEXT(CG19,"dd mmm")) -> 03 Sep | CI19: =SUMPRODUCT(INDEX('Storehouse Replenishment Schedu'!$D$4:$CO$30,0,7)*('Item Purchases'!$W$4:$W$30=1)) -> 261 | CJ19: =SUMPRODUCT(INDEX('Storehouse Replenishment Schedu'!$D$4:$CO$30,0,8)*('Item Purchases'!$W$4:$W$30=1)) -> 0 | CK19: =IF(CG19="",0,SUMIFS('Daily Data'!$G$2:$G$1000,'Daily Data'!$A$2:$A$1000,CG19)) -> 261 | CL19: =SUMPRODUCT(INDEX('Storehouse Replenishment Schedu'!$D$4:$CO$30,0,7))-CK19 -> 0 | CM19: =ABS(CL19) -> 0 | CP19: Coffee | CQ19: =SUMPRODUCT(('Item Purchases'!$S$4:$S$30=CP19)*('Item Purchases'!$W$4:$W$30=1)*'Storehouse Replenishment Schedu'!$CR$4:$CR$30) -> 48 | CR19: =SUMPRODUCT(('Item Purchases'!$S$4:$S$30=CP19)*('Item Purchases'!$W$4:$W$30=1)*'Item Purchases'!$E$4:$E$30) -> 77 | CT19: =IF(AND(BM19<>"",'Item Purchases'!$W6=1,ISNUMBER('Item Purchases'!$AQ6),'Item Purchases'!$AS6<>"DISCONTINUED",'Item Purchases'!$AS6<>"NEED MORE DATA"),1,0) -> 1 | CU19: =IF(CT19=1,SUMPRODUCT(($CT$17:$CT$43=1)*('Item Purchases'!$AQ$4:$AQ$30<'Item Purchases'!$AQ6))+SUMPRODUCT(($CT$17:$CT19=1)*('Item Purchases'!$AQ$4:$AQ6='Item Purchases'!$AQ6)),"") -> 14
AF20: 100 | AH20: =IF(AJ20="","",TEXT(AJ20,"dd mmm")) -> 04 Sep | AI20: =IF(AJ20="","",SUMIFS('Daily Data'!$I$2:$I$1000,'Daily Data'!$A$2:$A$1000,AJ20,'Daily Data'!$M$2:$M$1000,1)) -> 206 | AJ20: ='Daily Data'!$R$6 -> 46269 | AK20: =IF(AJ20="","",COUNTIFS('Daily Data'!$A$2:$A$1000,AJ20,'Daily Data'!$M$2:$M$1000,1,'Daily Data'!$L$2:$L$1000,1)) -> 25 | AM20: Fri | AN20: =SUMIFS('Daily Data'!$I$2:$I$1000,'Daily Data'!$B$2:$B$1000,AM20,'Daily Data'!$M$2:$M$1000,1) -> 960 | AP20: =IF('Item Purchases'!$B$7="","",'Item Purchases'!$B$7) -> Julies Cheese Sandwich (28G) | AQ20: =IF(AP20="","",SUMIFS('Daily Data'!$I$2:$I$1000,'Daily Data'!$E$2:$E$1000,AP20,'Daily Data'!$M$2:$M$1000,1)) -> 129 | AR20: =IF(AP20="","",SUMPRODUCT(ISNUMBER($AQ$17:$AQ$43)*($AQ$17:$AQ$43>AQ20))+SUMPRODUCT(ISNUMBER($AQ$17:AQ20)*($AQ$17:AQ20=AQ20))) -> 16 | AT20: =AP20 -> Julies Cheese Sandwich (28G) | AU20: =IF(AT20="","",SUMIFS('Daily Data'!$K$2:$K$1000,'Daily Data'!$E$2:$E$1000,AT20,'Daily Data'!$M$2:$M$1000,1)) -> 141.9 | AV20: =IF(OR(AT20="",N(AU20)<=0),"",SUMPRODUCT(ISNUMBER($AU$17:$AU$43)*($AU$17:$AU$43>AU20))+SUMPRODUCT(ISNUMBER($AU$17:AU20)*($AU$17:AU20=AU20))) -> 17 | AW20: =IF(AV20="","",AU20/$AU$45) -> 0.01378984 | AX20: =IF(AV20="","",SUMIFS($AU$17:$AU$43,$AV$17:$AV$43,"<"&AV20)/$AU$45) -> 0.92449057 | AY20: =IF(AT20="","",IF(AV20="","-",IF(AX20<'Item Purchases'!$E$49,"A",IF(AX20<'Item Purchases'!$E$50,"B","C")))) -> B | BA20: 4 | BB20: =IFERROR(LEFT(INDEX($AT$17:$AT$43,MATCH(4,$AV$17:$AV$43,0)),20),"") -> Oat Side Original 20 | BC20: =IFERROR(INDEX($AU$17:$AU$43,MATCH(4,$AV$17:$AV$43,0)),0) -> 891 | BD20: =IF($AU$45=0,0,IFERROR(INDEX($AX$17:$AX$43,MATCH(4,$AV$17:$AV$43,0))+INDEX($AW$17:$AW$43,MATCH(4,$AV$17:$AV$43,0)),1)) -> 0.44197456 | BJ20: =IF(4>$BG$17,"",INDEX($AT$17:$AT$43,MATCH(4,$AV$17:$AV$43,0))) -> Oat Side Original 200ml | BK20: =IF(4>$BG$17,"",INDEX($AU$17:$AU$43,MATCH(4,$AV$17:$AV$43,0))) -> 891 | BM20: =IF('Item Purchases'!$B7="","",'Item Purchases'!$B7) -> Julies Cheese Sandwich (28G) | BN20: =IF(AND(BM20<>"",'Item Purchases'!$W7=1,'Item Purchases'!$AN7<>"Discontinued",N('Item Purchases'!$C7)>0),1,0) -> 1 | BO20: =N('Storehouse Replenishment Schedu'!$CR7) -> 36 | BP20: =N('Item Purchases'!$E7) -> 18 | BQ20: =N('Item Purchases'!$C7) -> 6.45 | BR20: =IF(BN20=1,BO20/BQ20,"") -> 5.5813953 | BS20: =IF(BN20=1,(BO20+BP20)/BQ20,"") -> 8.372093 | BT20: =IF(BN20=1,BP20/BQ20,"") -> 2.7906977 | BU20: =N('Storehouse Replenishment Schedu'!$CP7) -> 96 | BV20: =IF(BM20="",0,SUMIFS('Daily Data'!$G$2:$G$1000,'Daily Data'!$E$2:$E$1000,BM20)) -> 96 | BW20: =CC20-BV20 -> 0 | BX20: =IF(BN20<>1,"",IF(BO20<=0,IF(BT20<='Item Purchases'!$E$38,"EMPTY - ORDER NOW","EMPTY - PLAN ORDER"),IF(BR20<='Item Purchases'!$E$51,"ORDER NOW",IF(BT20<='Item Purchases'!$E$38,"TRANSFER TO PANTRY",IF(BR20<='Item Purchases'!$E$39,"WATCH","OK"))))) -> TRANSFER TO PANTRY | BY20: =IF(BN20=1,SUMPRODUCT(($BN$17:$BN$43=1)*(($BR$17:$BR$43<BR20)+($BR$17:$BR$43=BR20)*($BT$17:$BT$43<BT20)))+SUMPRODUCT(($BN$17:$BN20=1)*($BR$17:$BR20=BR20)*($BT$17:$BT20=BT20)),"") -> 16 | BZ20: =IF(CA20>0,COUNTIF($CA$17:$CA$43,">"&CA20)+COUNTIF($CA$17:CA20,CA20),"") | CA20: =IF(AND(BM20<>"",'Item Purchases'!$W7=1),ABS(BW20)*1000+CB20,0) -> 0 | CB20: =N('Storehouse Replenishment Schedu'!$CX7) -> 0 | CC20: =BU20-CB20 -> 96 | CD20: =IF('Storehouse Replenishment Schedu'!$CY7="","",'Storehouse Replenishment Schedu'!$CY7) | CG20: =INDEX('Storehouse Replenishment Schedu'!$D$2:$CO$2,1,10) -> 46269 | CH20: =IF(CG20="","",TEXT(CG20,"dd mmm")) -> 04 Sep | CI20: =SUMPRODUCT(INDEX('Storehouse Replenishment Schedu'!$D$4:$CO$30,0,10)*('Item Purchases'!$W$4:$W$30=1)) -> 0 | CJ20: =SUMPRODUCT(INDEX('Storehouse Replenishment Schedu'!$D$4:$CO$30,0,11)*('Item Purchases'!$W$4:$W$30=1)) -> 540 | CK20: =IF(CG20="",0,SUMIFS('Daily Data'!$G$2:$G$1000,'Daily Data'!$A$2:$A$1000,CG20)) -> 0 | CL20: =SUMPRODUCT(INDEX('Storehouse Replenishment Schedu'!$D$4:$CO$30,0,10))-CK20 -> 0 | CM20: =ABS(CL20) -> 0 | CP20: Tea | CQ20: =SUMPRODUCT(('Item Purchases'!$S$4:$S$30=CP20)*('Item Purchases'!$W$4:$W$30=1)*'Storehouse Replenishment Schedu'!$CR$4:$CR$30) -> 132 | CR20: =SUMPRODUCT(('Item Purchases'!$S$4:$S$30=CP20)*('Item Purchases'!$W$4:$W$30=1)*'Item Purchases'!$E$4:$E$30) -> 90 | CT20: =IF(AND(BM20<>"",'Item Purchases'!$W7=1,ISNUMBER('Item Purchases'!$AQ7),'Item Purchases'!$AS7<>"DISCONTINUED",'Item Purchases'!$AS7<>"NEED MORE DATA"),1,0) -> 1 | CU20: =IF(CT20=1,SUMPRODUCT(($CT$17:$CT$43=1)*('Item Purchases'!$AQ$4:$AQ$30<'Item Purchases'!$AQ7))+SUMPRODUCT(($CT$17:$CT20=1)*('Item Purchases'!$AQ$4:$AQ7='Item Purchases'!$AQ7)),"") -> 9
AB21: Total units | AC21: =SUM($AC$17:$AC$18) -> 1698 | AH21: =IF(AJ21="","",TEXT(AJ21,"dd mmm")) -> 07 Sep | AI21: =IF(AJ21="","",SUMIFS('Daily Data'!$I$2:$I$1000,'Daily Data'!$A$2:$A$1000,AJ21,'Daily Data'!$M$2:$M$1000,1)) -> 183 | AJ21: ='Daily Data'!$R$7 -> 46272 | AK21: =IF(AJ21="","",COUNTIFS('Daily Data'!$A$2:$A$1000,AJ21,'Daily Data'!$M$2:$M$1000,1,'Daily Data'!$L$2:$L$1000,1)) -> 25 | AM21: Sat | AN21: =SUMIFS('Daily Data'!$I$2:$I$1000,'Daily Data'!$B$2:$B$1000,AM21,'Daily Data'!$M$2:$M$1000,1) -> 0 | AP21: =IF('Item Purchases'!$B$8="","",'Item Purchases'!$B$8) -> NV OATS & DARK CHOC 42GX5 | AQ21: =IF(AP21="","",SUMIFS('Daily Data'!$I$2:$I$1000,'Daily Data'!$E$2:$E$1000,AP21,'Daily Data'!$M$2:$M$1000,1)) -> 11 | AR21: =IF(AP21="","",SUMPRODUCT(ISNUMBER($AQ$17:$AQ$43)*($AQ$17:$AQ$43>AQ21))+SUMPRODUCT(ISNUMBER($AQ$17:AQ21)*($AQ$17:AQ21=AQ21))) -> 23 | AT21: =AP21 -> NV OATS & DARK CHOC 42GX5 | AU21: =IF(AT21="","",SUMIFS('Daily Data'!$K$2:$K$1000,'Daily Data'!$E$2:$E$1000,AT21,'Daily Data'!$M$2:$M$1000,1)) -> 30.58 | AV21: =IF(OR(AT21="",N(AU21)<=0),"",SUMPRODUCT(ISNUMBER($AU$17:$AU$43)*($AU$17:$AU$43>AU21))+SUMPRODUCT(ISNUMBER($AU$17:AU21)*($AU$17:AU21=AU21))) -> 23 | AW21: =IF(AV21="","",AU21/$AU$45) -> 0.0029717639 | AX21: =IF(AV21="","",SUMIFS($AU$17:$AU$43,$AV$17:$AV$43,"<"&AV21)/$AU$45) -> 0.99702824 | AY21: =IF(AT21="","",IF(AV21="","-",IF(AX21<'Item Purchases'!$E$49,"A",IF(AX21<'Item Purchases'!$E$50,"B","C")))) -> C | BA21: 5 | BB21: =IFERROR(LEFT(INDEX($AT$17:$AT$43,MATCH(5,$AV$17:$AV$43,0)),20),"") -> Spritzer sparkling w | BC21: =IFERROR(INDEX($AU$17:$AU$43,MATCH(5,$AV$17:$AV$43,0)),0) -> 853.6 | BD21: =IF($AU$45=0,0,IFERROR(INDEX($AX$17:$AX$43,MATCH(5,$AV$17:$AV$43,0))+INDEX($AW$17:$AW$43,MATCH(5,$AV$17:$AV$43,0)),1)) -> 0.52492739 | BJ21: =IF(5>$BG$17,"",INDEX($AT$17:$AT$43,MATCH(5,$AV$17:$AV$43,0))) -> Spritzer sparkling water (original) 400ml | BK21: =IF(5>$BG$17,"",INDEX($AU$17:$AU$43,MATCH(5,$AV$17:$AV$43,0))) -> 853.6 | BM21: =IF('Item Purchases'!$B8="","",'Item Purchases'!$B8) -> NV OATS & DARK CHOC 42GX5 | BN21: =IF(AND(BM21<>"",'Item Purchases'!$W8=1,'Item Purchases'!$AN8<>"Discontinued",N('Item Purchases'!$C8)>0),1,0) -> 1 | BO21: =N('Storehouse Replenishment Schedu'!$CR8) -> 0 | BP21: =N('Item Purchases'!$E8) -> 0 | BQ21: =N('Item Purchases'!$C8) -> 5.5 | BR21: =IF(BN21=1,BO21/BQ21,"") -> 0 | BS21: =IF(BN21=1,(BO21+BP21)/BQ21,"") -> 0 | BT21: =IF(BN21=1,BP21/BQ21,"") -> 0 | BU21: =N('Storehouse Replenishment Schedu'!$CP8) -> 0 | BV21: =IF(BM21="",0,SUMIFS('Daily Data'!$G$2:$G$1000,'Daily Data'!$E$2:$E$1000,BM21)) -> 0 | BW21: =CC21-BV21 -> 0 | BX21: =IF(BN21<>1,"",IF(BO21<=0,IF(BT21<='Item Purchases'!$E$38,"EMPTY - ORDER NOW","EMPTY - PLAN ORDER"),IF(BR21<='Item Purchases'!$E$51,"ORDER NOW",IF(BT21<='Item Purchases'!$E$38,"TRANSFER TO PANTRY",IF(BR21<='Item Purchases'!$E$39,"WATCH","OK"))))) -> EMPTY - ORDER NOW | BY21: =IF(BN21=1,SUMPRODUCT(($BN$17:$BN$43=1)*(($BR$17:$BR$43<BR21)+($BR$17:$BR$43=BR21)*($BT$17:$BT$43<BT21)))+SUMPRODUCT(($BN$17:$BN21=1)*($BR$17:$BR21=BR21)*($BT$17:$BT21=BT21)),"") -> 2 | BZ21: =IF(CA21>0,COUNTIF($CA$17:$CA$43,">"&CA21)+COUNTIF($CA$17:CA21,CA21),"") | CA21: =IF(AND(BM21<>"",'Item Purchases'!$W8=1),ABS(BW21)*1000+CB21,0) -> 0 | CB21: =N('Storehouse Replenishment Schedu'!$CX8) -> 0 | CC21: =BU21-CB21 -> 0 | CD21: =IF('Storehouse Replenishment Schedu'!$CY8="","",'Storehouse Replenishment Schedu'!$CY8) | CG21: =INDEX('Storehouse Replenishment Schedu'!$D$2:$CO$2,1,13) -> 46270 | CH21: =IF(CG21="","",TEXT(CG21,"dd mmm")) -> 05 Sep | CI21: =SUMPRODUCT(INDEX('Storehouse Replenishment Schedu'!$D$4:$CO$30,0,13)*('Item Purchases'!$W$4:$W$30=1)) -> 0 | CJ21: =SUMPRODUCT(INDEX('Storehouse Replenishment Schedu'!$D$4:$CO$30,0,14)*('Item Purchases'!$W$4:$W$30=1)) -> 0 | CK21: =IF(CG21="",0,SUMIFS('Daily Data'!$G$2:$G$1000,'Daily Data'!$A$2:$A$1000,CG21)) -> 0 | CL21: =SUMPRODUCT(INDEX('Storehouse Replenishment Schedu'!$D$4:$CO$30,0,13))-CK21 -> 0 | CM21: =ABS(CL21) -> 0 | CP21: Other | CQ21: =SUMPRODUCT(('Item Purchases'!$S$4:$S$30=CP21)*('Item Purchases'!$W$4:$W$30=1)*'Storehouse Replenishment Schedu'!$CR$4:$CR$30) -> 720 | CR21: =SUMPRODUCT(('Item Purchases'!$S$4:$S$30=CP21)*('Item Purchases'!$W$4:$W$30=1)*'Item Purchases'!$E$4:$E$30) -> 542 | CT21: =IF(AND(BM21<>"",'Item Purchases'!$W8=1,ISNUMBER('Item Purchases'!$AQ8),'Item Purchases'!$AS8<>"DISCONTINUED",'Item Purchases'!$AS8<>"NEED MORE DATA"),1,0) -> 0 | CU21: =IF(CT21=1,SUMPRODUCT(($CT$17:$CT$43=1)*('Item Purchases'!$AQ$4:$AQ$30<'Item Purchases'!$AQ8))+SUMPRODUCT(($CT$17:$CT21=1)*('Item Purchases'!$AQ$4:$AQ8='Item Purchases'!$AQ8)),"")
AB22: Leading type | AC22: =INDEX($AB$17:$AB$18,$AC$23) -> Savoury | AH22: =IF(AJ22="","",TEXT(AJ22,"dd mmm")) -> 08 Sep | AI22: =IF(AJ22="","",SUMIFS('Daily Data'!$I$2:$I$1000,'Daily Data'!$A$2:$A$1000,AJ22,'Daily Data'!$M$2:$M$1000,1)) -> 143 | AJ22: ='Daily Data'!$R$8 -> 46273 | AK22: =IF(AJ22="","",COUNTIFS('Daily Data'!$A$2:$A$1000,AJ22,'Daily Data'!$M$2:$M$1000,1,'Daily Data'!$L$2:$L$1000,1)) -> 25 | AM22: Sun | AN22: =SUMIFS('Daily Data'!$I$2:$I$1000,'Daily Data'!$B$2:$B$1000,AM22,'Daily Data'!$M$2:$M$1000,1) -> 0 | AP22: =IF('Item Purchases'!$B$9="","",'Item Purchases'!$B$9) -> NV PROTEIN - SALTED CARAMEL 40G | AQ22: =IF(AP22="","",SUMIFS('Daily Data'!$I$2:$I$1000,'Daily Data'!$E$2:$E$1000,AP22,'Daily Data'!$M$2:$M$1000,1)) -> 0 | AR22: =IF(AP22="","",SUMPRODUCT(ISNUMBER($AQ$17:$AQ$43)*($AQ$17:$AQ$43>AQ22))+SUMPRODUCT(ISNUMBER($AQ$17:AQ22)*($AQ$17:AQ22=AQ22))) -> 24 | AT22: =AP22 -> NV PROTEIN - SALTED CARAMEL 40G | AU22: =IF(AT22="","",SUMIFS('Daily Data'!$K$2:$K$1000,'Daily Data'!$E$2:$E$1000,AT22,'Daily Data'!$M$2:$M$1000,1)) -> 0 | AV22: =IF(OR(AT22="",N(AU22)<=0),"",SUMPRODUCT(ISNUMBER($AU$17:$AU$43)*($AU$17:$AU$43>AU22))+SUMPRODUCT(ISNUMBER($AU$17:AU22)*($AU$17:AU22=AU22))) | AW22: =IF(AV22="","",AU22/$AU$45) | AX22: =IF(AV22="","",SUMIFS($AU$17:$AU$43,$AV$17:$AV$43,"<"&AV22)/$AU$45) | AY22: =IF(AT22="","",IF(AV22="","-",IF(AX22<'Item Purchases'!$E$49,"A",IF(AX22<'Item Purchases'!$E$50,"B","C")))) -> - | BA22: 6 | BB22: =IFERROR(LEFT(INDEX($AT$17:$AT$43,MATCH(6,$AV$17:$AV$43,0)),20),"") -> Ayataka Tea 300ml | BC22: =IFERROR(INDEX($AU$17:$AU$43,MATCH(6,$AV$17:$AV$43,0)),0) -> 712.25 | BD22: =IF($AU$45=0,0,IFERROR(INDEX($AX$17:$AX$43,MATCH(6,$AV$17:$AV$43,0))+INDEX($AW$17:$AW$43,MATCH(6,$AV$17:$AV$43,0)),1)) -> 0.59414384 | BJ22: =IF(6>$BG$17,"",INDEX($AT$17:$AT$43,MATCH(6,$AV$17:$AV$43,0))) -> Ayataka Tea 300ml | BK22: =IF(6>$BG$17,"",INDEX($AU$17:$AU$43,MATCH(6,$AV$17:$AV$43,0))) -> 712.25 | BM22: =IF('Item Purchases'!$B9="","",'Item Purchases'!$B9) -> NV PROTEIN - SALTED CARAMEL 40G | BN22: =IF(AND(BM22<>"",'Item Purchases'!$W9=1,'Item Purchases'!$AN9<>"Discontinued",N('Item Purchases'!$C9)>0),1,0) -> 0 | BO22: =N('Storehouse Replenishment Schedu'!$CR9) -> 0 | BP22: =N('Item Purchases'!$E9) -> 0 | BQ22: =N('Item Purchases'!$C9) -> 0 | BR22: =IF(BN22=1,BO22/BQ22,"") | BS22: =IF(BN22=1,(BO22+BP22)/BQ22,"") | BT22: =IF(BN22=1,BP22/BQ22,"") | BU22: =N('Storehouse Replenishment Schedu'!$CP9) -> 0 | BV22: =IF(BM22="",0,SUMIFS('Daily Data'!$G$2:$G$1000,'Daily Data'!$E$2:$E$1000,BM22)) -> 0 | BW22: =CC22-BV22 -> 0 | BX22: =IF(BN22<>1,"",IF(BO22<=0,IF(BT22<='Item Purchases'!$E$38,"EMPTY - ORDER NOW","EMPTY - PLAN ORDER"),IF(BR22<='Item Purchases'!$E$51,"ORDER NOW",IF(BT22<='Item Purchases'!$E$38,"TRANSFER TO PANTRY",IF(BR22<='Item Purchases'!$E$39,"WATCH","OK"))))) | BY22: =IF(BN22=1,SUMPRODUCT(($BN$17:$BN$43=1)*(($BR$17:$BR$43<BR22)+($BR$17:$BR$43=BR22)*($BT$17:$BT$43<BT22)))+SUMPRODUCT(($BN$17:$BN22=1)*($BR$17:$BR22=BR22)*($BT$17:$BT22=BT22)),"") | BZ22: =IF(CA22>0,COUNTIF($CA$17:$CA$43,">"&CA22)+COUNTIF($CA$17:CA22,CA22),"") | CA22: =IF(AND(BM22<>"",'Item Purchases'!$W9=1),ABS(BW22)*1000+CB22,0) -> 0 | CB22: =N('Storehouse Replenishment Schedu'!$CX9) -> 0 | CC22: =BU22-CB22 -> 0 | CD22: =IF('Storehouse Replenishment Schedu'!$CY9="","",'Storehouse Replenishment Schedu'!$CY9) | CG22: =INDEX('Storehouse Replenishment Schedu'!$D$2:$CO$2,1,16) -> 46271 | CH22: =IF(CG22="","",TEXT(CG22,"dd mmm")) -> 06 Sep | CI22: =SUMPRODUCT(INDEX('Storehouse Replenishment Schedu'!$D$4:$CO$30,0,16)*('Item Purchases'!$W$4:$W$30=1)) -> 0 | CJ22: =SUMPRODUCT(INDEX('Storehouse Replenishment Schedu'!$D$4:$CO$30,0,17)*('Item Purchases'!$W$4:$W$30=1)) -> 124 | CK22: =IF(CG22="",0,SUMIFS('Daily Data'!$G$2:$G$1000,'Daily Data'!$A$2:$A$1000,CG22)) -> 0 | CL22: =SUMPRODUCT(INDEX('Storehouse Replenishment Schedu'!$D$4:$CO$30,0,16))-CK22 -> 0 | CM22: =ABS(CL22) -> 0 | CT22: =IF(AND(BM22<>"",'Item Purchases'!$W9=1,ISNUMBER('Item Purchases'!$AQ9),'Item Purchases'!$AS9<>"DISCONTINUED",'Item Purchases'!$AS9<>"NEED MORE DATA"),1,0) -> 1 | CU22: =IF(CT22=1,SUMPRODUCT(($CT$17:$CT$43=1)*('Item Purchases'!$AQ$4:$AQ$30<'Item Purchases'!$AQ9))+SUMPRODUCT(($CT$17:$CT22=1)*('Item Purchases'!$AQ$4:$AQ9='Item Purchases'!$AQ9)),"") -> 1
AB23: Leader position | AC23: =MATCH(MAX($AD$17:$AD$18),$AD$17:$AD$18,0) -> 2 | AH23: =IF(AJ23="","",TEXT(AJ23,"dd mmm")) -> 09 Sep | AI23: =IF(AJ23="","",SUMIFS('Daily Data'!$I$2:$I$1000,'Daily Data'!$A$2:$A$1000,AJ23,'Daily Data'!$M$2:$M$1000,1)) -> 327 | AJ23: ='Daily Data'!$R$9 -> 46274 | AK23: =IF(AJ23="","",COUNTIFS('Daily Data'!$A$2:$A$1000,AJ23,'Daily Data'!$M$2:$M$1000,1,'Daily Data'!$L$2:$L$1000,1)) -> 25 | AM23: Mon | AN23: =SUMIFS('Daily Data'!$I$2:$I$1000,'Daily Data'!$B$2:$B$1000,AM23,'Daily Data'!$M$2:$M$1000,1) -> 803 | AP23: =IF('Item Purchases'!$B$10="","",'Item Purchases'!$B$10) -> BBMG 90G | AQ23: =IF(AP23="","",SUMIFS('Daily Data'!$I$2:$I$1000,'Daily Data'!$E$2:$E$1000,AP23,'Daily Data'!$M$2:$M$1000,1)) -> 362 | AR23: =IF(AP23="","",SUMPRODUCT(ISNUMBER($AQ$17:$AQ$43)*($AQ$17:$AQ$43>AQ23))+SUMPRODUCT(ISNUMBER($AQ$17:AQ23)*($AQ$17:AQ23=AQ23))) -> 5 | AT23: =AP23 -> BBMG 90G | AU23: =IF(AT23="","",SUMIFS('Daily Data'!$K$2:$K$1000,'Daily Data'!$E$2:$E$1000,AT23,'Daily Data'!$M$2:$M$1000,1)) -> 124.166 | AV23: =IF(OR(AT23="",N(AU23)<=0),"",SUMPRODUCT(ISNUMBER($AU$17:$AU$43)*($AU$17:$AU$43>AU23))+SUMPRODUCT(ISNUMBER($AU$17:AU23)*($AU$17:AU23=AU23))) -> 20 | AW23: =IF(AV23="","",AU23/$AU$45) -> 0.01206645 | AX23: =IF(AV23="","",SUMIFS($AU$17:$AU$43,$AV$17:$AV$43,"<"&AV23)/$AU$45) -> 0.96458436 | AY23: =IF(AT23="","",IF(AV23="","-",IF(AX23<'Item Purchases'!$E$49,"A",IF(AX23<'Item Purchases'!$E$50,"B","C")))) -> C | BA23: 7 | BB23: =IFERROR(LEFT(INDEX($AT$17:$AT$43,MATCH(7,$AV$17:$AV$43,0)),20),"") -> Oolong Tea 300ml | BC23: =IFERROR(INDEX($AU$17:$AU$43,MATCH(7,$AV$17:$AV$43,0)),0) -> 579.25 | BD23: =IF($AU$45=0,0,IFERROR(INDEX($AX$17:$AX$43,MATCH(7,$AV$17:$AV$43,0))+INDEX($AW$17:$AW$43,MATCH(7,$AV$17:$AV$43,0)),1)) -> 0.65043534 | BJ23: =IF(7>$BG$17,"",INDEX($AT$17:$AT$43,MATCH(7,$AV$17:$AV$43,0))) -> Oolong Tea 300ml | BK23: =IF(7>$BG$17,"",INDEX($AU$17:$AU$43,MATCH(7,$AV$17:$AV$43,0))) -> 579.25 | BM23: =IF('Item Purchases'!$B10="","",'Item Purchases'!$B10) -> BBMG 90G | BN23: =IF(AND(BM23<>"",'Item Purchases'!$W10=1,'Item Purchases'!$AN10<>"Discontinued",N('Item Purchases'!$C10)>0),1,0) -> 1 | BO23: =N('Storehouse Replenishment Schedu'!$CR10) -> 472 | BP23: =N('Item Purchases'!$E10) -> 94 | BQ23: =N('Item Purchases'!$C10) -> 36.2 | BR23: =IF(BN23=1,BO23/BQ23,"") -> 13.038674 | BS23: =IF(BN23=1,(BO23+BP23)/BQ23,"") -> 15.635359 | BT23: =IF(BN23=1,BP23/BQ23,"") -> 2.5966851 | BU23: =N('Storehouse Replenishment Schedu'!$CP10) -> 456 | BV23: =IF(BM23="",0,SUMIFS('Daily Data'!$G$2:$G$1000,'Daily Data'!$E$2:$E$1000,BM23)) -> 456 | BW23: =CC23-BV23 -> 0 | BX23: =IF(BN23<>1,"",IF(BO23<=0,IF(BT23<='Item Purchases'!$E$38,"EMPTY - ORDER NOW","EMPTY - PLAN ORDER"),IF(BR23<='Item Purchases'!$E$51,"ORDER NOW",IF(BT23<='Item Purchases'!$E$38,"TRANSFER TO PANTRY",IF(BR23<='Item Purchases'!$E$39,"WATCH","OK"))))) -> TRANSFER TO PANTRY | BY23: =IF(BN23=1,SUMPRODUCT(($BN$17:$BN$43=1)*(($BR$17:$BR$43<BR23)+($BR$17:$BR$43=BR23)*($BT$17:$BT$43<BT23)))+SUMPRODUCT(($BN$17:$BN23=1)*($BR$17:$BR23=BR23)*($BT$17:$BT23=BT23)),"") -> 23 | BZ23: =IF(CA23>0,COUNTIF($CA$17:$CA$43,">"&CA23)+COUNTIF($CA$17:CA23,CA23),"") | CA23: =IF(AND(BM23<>"",'Item Purchases'!$W10=1),ABS(BW23)*1000+CB23,0) -> 0 | CB23: =N('Storehouse Replenishment Schedu'!$CX10) -> 0 | CC23: =BU23-CB23 -> 456 | CD23: =IF('Storehouse Replenishment Schedu'!$CY10="","",'Storehouse Replenishment Schedu'!$CY10) | CG23: =INDEX('Storehouse Replenishment Schedu'!$D$2:$CO$2,1,19) -> 46272 | CH23: =IF(CG23="","",TEXT(CG23,"dd mmm")) -> 07 Sep | CI23: =SUMPRODUCT(INDEX('Storehouse Replenishment Schedu'!$D$4:$CO$30,0,19)*('Item Purchases'!$W$4:$W$30=1)) -> 336 | CJ23: =SUMPRODUCT(INDEX('Storehouse Replenishment Schedu'!$D$4:$CO$30,0,20)*('Item Purchases'!$W$4:$W$30=1)) -> 144 | CK23: =IF(CG23="",0,SUMIFS('Daily Data'!$G$2:$G$1000,'Daily Data'!$A$2:$A$1000,CG23)) -> 336 | CL23: =SUMPRODUCT(INDEX('Storehouse Replenishment Schedu'!$D$4:$CO$30,0,19))-CK23 -> 0 | CM23: =ABS(CL23) -> 0 | CT23: =IF(AND(BM23<>"",'Item Purchases'!$W10=1,ISNUMBER('Item Purchases'!$AQ10),'Item Purchases'!$AS10<>"DISCONTINUED",'Item Purchases'!$AS10<>"NEED MORE DATA"),1,0) -> 1 | CU23: =IF(CT23=1,SUMPRODUCT(($CT$17:$CT$43=1)*('Item Purchases'!$AQ$4:$AQ$30<'Item Purchases'!$AQ10))+SUMPRODUCT(($CT$17:$CT23=1)*('Item Purchases'!$AQ$4:$AQ10='Item Purchases'!$AQ10)),"") -> 25
AB24: Needle centre (0-100) | AC24: =MIN(MAX(SUMPRODUCT((ROW($AD$17:$AD$18)-ROW($AD$17)+1<$AC$23)*$AD$17:$AD$18)+INDEX($AD$17:$AD$18,$AC$23)/2,$AC$13/2),100-$AC$13/2) -> 73.763251 | AH24: =IF(AJ24="","",TEXT(AJ24,"dd mmm")) -> 10 Sep | AI24: =IF(AJ24="","",SUMIFS('Daily Data'!$I$2:$I$1000,'Daily Data'!$A$2:$A$1000,AJ24,'Daily Data'!$M$2:$M$1000,1)) -> 291 | AJ24: ='Daily Data'!$R$10 -> 46275 | AK24: =IF(AJ24="","",COUNTIFS('Daily Data'!$A$2:$A$1000,AJ24,'Daily Data'!$M$2:$M$1000,1,'Daily Data'!$L$2:$L$1000,1)) -> 25 | AP24: =IF('Item Purchases'!$B$11="","",'Item Purchases'!$B$11) -> Lays Potato Chips (Original) 50g | AQ24: =IF(AP24="","",SUMIFS('Daily Data'!$I$2:$I$1000,'Daily Data'!$E$2:$E$1000,AP24,'Daily Data'!$M$2:$M$1000,1)) -> 85 | AR24: =IF(AP24="","",SUMPRODUCT(ISNUMBER($AQ$17:$AQ$43)*($AQ$17:$AQ$43>AQ24))+SUMPRODUCT(ISNUMBER($AQ$17:AQ24)*($AQ$17:AQ24=AQ24))) -> 19 | AT24: =AP24 -> Lays Potato Chips (Original) 50g | AU24: =IF(AT24="","",SUMIFS('Daily Data'!$K$2:$K$1000,'Daily Data'!$E$2:$E$1000,AT24,'Daily Data'!$M$2:$M$1000,1)) -> 293.93 | AV24: =IF(OR(AT24="",N(AU24)<=0),"",SUMPRODUCT(ISNUMBER($AU$17:$AU$43)*($AU$17:$AU$43>AU24))+SUMPRODUCT(ISNUMBER($AU$17:AU24)*($AU$17:AU24=AU24))) -> 13 | AW24: =IF(AV24="","",AU24/$AU$45) -> 0.028564112 | AX24: =IF(AV24="","",SUMIFS($AU$17:$AU$43,$AV$17:$AV$43,"<"&AV24)/$AU$45) -> 0.83895946 | AY24: =IF(AT24="","",IF(AV24="","-",IF(AX24<'Item Purchases'!$E$49,"A",IF(AX24<'Item Purchases'!$E$50,"B","C")))) -> B | BA24: 8 | BB24: =IFERROR(LEFT(INDEX($AT$17:$AT$43,MATCH(8,$AV$17:$AV$43,0)),20),"") -> Milo 200ml | BC24: =IFERROR(INDEX($AU$17:$AU$43,MATCH(8,$AV$17:$AV$43,0)),0) -> 530.88 | BD24: =IF($AU$45=0,0,IFERROR(INDEX($AX$17:$AX$43,MATCH(8,$AV$17:$AV$43,0))+INDEX($AW$17:$AW$43,MATCH(8,$AV$17:$AV$43,0)),1)) -> 0.70202625 | BJ24: =IF(8>$BG$17,"",INDEX($AT$17:$AT$43,MATCH(8,$AV$17:$AV$43,0))) -> Milo 200ml | BK24: =IF(8>$BG$17,"",INDEX($AU$17:$AU$43,MATCH(8,$AV$17:$AV$43,0))) -> 530.88 | BM24: =IF('Item Purchases'!$B11="","",'Item Purchases'!$B11) -> Lays Potato Chips (Original) 50g | BN24: =IF(AND(BM24<>"",'Item Purchases'!$W11=1,'Item Purchases'!$AN11<>"Discontinued",N('Item Purchases'!$C11)>0),1,0) -> 1 | BO24: =N('Storehouse Replenishment Schedu'!$CR11) -> 0 | BP24: =N('Item Purchases'!$E11) -> 20 | BQ24: =N('Item Purchases'!$C11) -> 3.8636364 | BR24: =IF(BN24=1,BO24/BQ24,"") -> 0 | BS24: =IF(BN24=1,(BO24+BP24)/BQ24,"") -> 5.1764706 | BT24: =IF(BN24=1,BP24/BQ24,"") -> 5.1764706 | BU24: =N('Storehouse Replenishment Schedu'!$CP11) -> 72 | BV24: =IF(BM24="",0,SUMIFS('Daily Data'!$G$2:$G$1000,'Daily Data'!$E$2:$E$1000,BM24)) -> 72 | BW24: =CC24-BV24 -> 0 | BX24: =IF(BN24<>1,"",IF(BO24<=0,IF(BT24<='Item Purchases'!$E$38,"EMPTY - ORDER NOW","EMPTY - PLAN ORDER"),IF(BR24<='Item Purchases'!$E$51,"ORDER NOW",IF(BT24<='Item Purchases'!$E$38,"TRANSFER TO PANTRY",IF(BR24<='Item Purchases'!$E$39,"WATCH","OK"))))) -> EMPTY - ORDER NOW | BY24: =IF(BN24=1,SUMPRODUCT(($BN$17:$BN$43=1)*(($BR$17:$BR$43<BR24)+($BR$17:$BR$43=BR24)*($BT$17:$BT$43<BT24)))+SUMPRODUCT(($BN$17:$BN24=1)*($BR$17:$BR24=BR24)*($BT$17:$BT24=BT24)),"") -> 9 | BZ24: =IF(CA24>0,COUNTIF($CA$17:$CA$43,">"&CA24)+COUNTIF($CA$17:CA24,CA24),"") | CA24: =IF(AND(BM24<>"",'Item Purchases'!$W11=1),ABS(BW24)*1000+CB24,0) -> 0 | CB24: =N('Storehouse Replenishment Schedu'!$CX11) -> 0 | CC24: =BU24-CB24 -> 72 | CD24: =IF('Storehouse Replenishment Schedu'!$CY11="","",'Storehouse Replenishment Schedu'!$CY11) | CG24: =INDEX('Storehouse Replenishment Schedu'!$D$2:$CO$2,1,22) -> 46273 | CH24: =IF(CG24="","",TEXT(CG24,"dd mmm")) -> 08 Sep | CI24: =SUMPRODUCT(INDEX('Storehouse Replenishment Schedu'!$D$4:$CO$30,0,22)*('Item Purchases'!$W$4:$W$30=1)) -> 555 | CJ24: =SUMPRODUCT(INDEX('Storehouse Replenishment Schedu'!$D$4:$CO$30,0,23)*('Item Purchases'!$W$4:$W$30=1)) -> 914 | CK24: =IF(CG24="",0,SUMIFS('Daily Data'!$G$2:$G$1000,'Daily Data'!$A$2:$A$1000,CG24)) -> 555 | CL24: =SUMPRODUCT(INDEX('Storehouse Replenishment Schedu'!$D$4:$CO$30,0,22))-CK24 -> 0 | CM24: =ABS(CL24) -> 0 | CT24: =IF(AND(BM24<>"",'Item Purchases'!$W11=1,ISNUMBER('Item Purchases'!$AQ11),'Item Purchases'!$AS11<>"DISCONTINUED",'Item Purchases'!$AS11<>"NEED MORE DATA"),1,0) -> 1 | CU24: =IF(CT24=1,SUMPRODUCT(($CT$17:$CT$43=1)*('Item Purchases'!$AQ$4:$AQ$30<'Item Purchases'!$AQ11))+SUMPRODUCT(($CT$17:$CT24=1)*('Item Purchases'!$AQ$4:$AQ11='Item Purchases'!$AQ11)),"") -> 7
AH25: =IF(AJ25="","",TEXT(AJ25,"dd mmm")) -> 11 Sep | AI25: =IF(AJ25="","",SUMIFS('Daily Data'!$I$2:$I$1000,'Daily Data'!$A$2:$A$1000,AJ25,'Daily Data'!$M$2:$M$1000,1)) -> 294 | AJ25: ='Daily Data'!$R$11 -> 46276 | AK25: =IF(AJ25="","",COUNTIFS('Daily Data'!$A$2:$A$1000,AJ25,'Daily Data'!$M$2:$M$1000,1,'Daily Data'!$L$2:$L$1000,1)) -> 25 | AP25: =IF('Item Purchases'!$B$12="","",'Item Purchases'!$B$12) -> Lays Double Crunch - Seaweed Flav (50g) | AQ25: =IF(AP25="","",SUMIFS('Daily Data'!$I$2:$I$1000,'Daily Data'!$E$2:$E$1000,AP25,'Daily Data'!$M$2:$M$1000,1)) -> 315 | AR25: =IF(AP25="","",SUMPRODUCT(ISNUMBER($AQ$17:$AQ$43)*($AQ$17:$AQ$43>AQ25))+SUMPRODUCT(ISNUMBER($AQ$17:AQ25)*($AQ$17:AQ25=AQ25))) -> 7 | AT25: =AP25 -> Lays Double Crunch - Seaweed Flav (50g) | AU25: =IF(AT25="","",SUMIFS('Daily Data'!$K$2:$K$1000,'Daily Data'!$E$2:$E$1000,AT25,'Daily Data'!$M$2:$M$1000,1)) -> 1260 | AV25: =IF(OR(AT25="",N(AU25)<=0),"",SUMPRODUCT(ISNUMBER($AU$17:$AU$43)*($AU$17:$AU$43>AU25))+SUMPRODUCT(ISNUMBER($AU$17:AU25)*($AU$17:AU25=AU25))) -> 1 | AW25: =IF(AV25="","",AU25/$AU$45) -> 0.12244678 | AX25: =IF(AV25="","",SUMIFS($AU$17:$AU$43,$AV$17:$AV$43,"<"&AV25)/$AU$45) -> 0 | AY25: =IF(AT25="","",IF(AV25="","-",IF(AX25<'Item Purchases'!$E$49,"A",IF(AX25<'Item Purchases'!$E$50,"B","C")))) -> A | BA25: 9 | BB25: =IFERROR(LEFT(INDEX($AT$17:$AT$43,MATCH(9,$AV$17:$AV$43,0)),20),"") -> BingRae Banana Milk | BC25: =IFERROR(INDEX($AU$17:$AU$43,MATCH(9,$AV$17:$AV$43,0)),0) -> 407.868 | BD25: =IF($AU$45=0,0,IFERROR(INDEX($AX$17:$AX$43,MATCH(9,$AV$17:$AV$43,0))+INDEX($AW$17:$AW$43,MATCH(9,$AV$17:$AV$43,0)),1)) -> 0.74166286 | BJ25: =IF(9>$BG$17,"",INDEX($AT$17:$AT$43,MATCH(9,$AV$17:$AV$43,0))) -> BingRae Banana Milk 200ml | BK25: =IF(9>$BG$17,"",INDEX($AU$17:$AU$43,MATCH(9,$AV$17:$AV$43,0))) -> 407.868 | BM25: =IF('Item Purchases'!$B12="","",'Item Purchases'!$B12) -> Lays Double Crunch - Seaweed Flav (50g) | BN25: =IF(AND(BM25<>"",'Item Purchases'!$W12=1,'Item Purchases'!$AN12<>"Discontinued",N('Item Purchases'!$C12)>0),1,0) -> 1 | BO25: =N('Storehouse Replenishment Schedu'!$CR12) -> 93 | BP25: =N('Item Purchases'!$E12) -> 39 | BQ25: =N('Item Purchases'!$C12) -> 15.75 | BR25: =IF(BN25=1,BO25/BQ25,"") -> 5.9047619 | BS25: =IF(BN25=1,(BO25+BP25)/BQ25,"") -> 8.3809524 | BT25: =IF(BN25=1,BP25/BQ25,"") -> 2.4761905 | BU25: =N('Storehouse Replenishment Schedu'!$CP12) -> 332 | BV25: =IF(BM25="",0,SUMIFS('Daily Data'!$G$2:$G$1000,'Daily Data'!$E$2:$E$1000,BM25)) -> 330 | BW25: =CC25-BV25 -> 0 | BX25: =IF(BN25<>1,"",IF(BO25<=0,IF(BT25<='Item Purchases'!$E$38,"EMPTY - ORDER NOW","EMPTY - PLAN ORDER"),IF(BR25<='Item Purchases'!$E$51,"ORDER NOW",IF(BT25<='Item Purchases'!$E$38,"TRANSFER TO PANTRY",IF(BR25<='Item Purchases'!$E$39,"WATCH","OK"))))) -> TRANSFER TO PANTRY | BY25: =IF(BN25=1,SUMPRODUCT(($BN$17:$BN$43=1)*(($BR$17:$BR$43<BR25)+($BR$17:$BR$43=BR25)*($BT$17:$BT$43<BT25)))+SUMPRODUCT(($BN$17:$BN25=1)*($BR$17:$BR25=BR25)*($BT$17:$BT25=BT25)),"") -> 17 | BZ25: =IF(CA25>0,COUNTIF($CA$17:$CA$43,">"&CA25)+COUNTIF($CA$17:CA25,CA25),"") -> 1 | CA25: =IF(AND(BM25<>"",'Item Purchases'!$W12=1),ABS(BW25)*1000+CB25,0) -> 2 | CB25: =N('Storehouse Replenishment Schedu'!$CX12) -> 2 | CC25: =BU25-CB25 -> 330 | CD25: =IF('Storehouse Replenishment Schedu'!$CY12="","",'Storehouse Replenishment Schedu'!$CY12) | CG25: =INDEX('Storehouse Replenishment Schedu'!$D$2:$CO$2,1,25) -> 46274 | CH25: =IF(CG25="","",TEXT(CG25,"dd mmm")) -> 09 Sep | CI25: =SUMPRODUCT(INDEX('Storehouse Replenishment Schedu'!$D$4:$CO$30,0,25)*('Item Purchases'!$W$4:$W$30=1)) -> 274 | CJ25: =SUMPRODUCT(INDEX('Storehouse Replenishment Schedu'!$D$4:$CO$30,0,26)*('Item Purchases'!$W$4:$W$30=1)) -> 168 | CK25: =IF(CG25="",0,SUMIFS('Daily Data'!$G$2:$G$1000,'Daily Data'!$A$2:$A$1000,CG25)) -> 274 | CL25: =SUMPRODUCT(INDEX('Storehouse Replenishment Schedu'!$D$4:$CO$30,0,25))-CK25 -> 0 | CM25: =ABS(CL25) -> 0 | CT25: =IF(AND(BM25<>"",'Item Purchases'!$W12=1,ISNUMBER('Item Purchases'!$AQ12),'Item Purchases'!$AS12<>"DISCONTINUED",'Item Purchases'!$AS12<>"NEED MORE DATA"),1,0) -> 1 | CU25: =IF(CT25=1,SUMPRODUCT(($CT$17:$CT$43=1)*('Item Purchases'!$AQ$4:$AQ$30<'Item Purchases'!$AQ12))+SUMPRODUCT(($CT$17:$CT25=1)*('Item Purchases'!$AQ$4:$AQ12='Item Purchases'!$AQ12)),"") -> 18
AB26: BEVERAGES (Coffee / Tea / Other) | AH26: =IF(AJ26="","",TEXT(AJ26,"dd mmm")) -> 14 Sep | AI26: =IF(AJ26="","",SUMIFS('Daily Data'!$I$2:$I$1000,'Daily Data'!$A$2:$A$1000,AJ26,'Daily Data'!$M$2:$M$1000,1)) -> 190 | AJ26: ='Daily Data'!$R$12 -> 46279 | AK26: =IF(AJ26="","",COUNTIFS('Daily Data'!$A$2:$A$1000,AJ26,'Daily Data'!$M$2:$M$1000,1,'Daily Data'!$L$2:$L$1000,1)) -> 25 | AM26: Week | AN26: Units | AP26: =IF('Item Purchases'!$B$13="","",'Item Purchases'!$B$13) -> Munchy Oat Krunch - Dark Choco | AQ26: =IF(AP26="","",SUMIFS('Daily Data'!$I$2:$I$1000,'Daily Data'!$E$2:$E$1000,AP26,'Daily Data'!$M$2:$M$1000,1)) -> 285 | AR26: =IF(AP26="","",SUMPRODUCT(ISNUMBER($AQ$17:$AQ$43)*($AQ$17:$AQ$43>AQ26))+SUMPRODUCT(ISNUMBER($AQ$17:AQ26)*($AQ$17:AQ26=AQ26))) -> 9 | AT26: =AP26 -> Munchy Oat Krunch - Dark Choco | AU26: =IF(AT26="","",SUMIFS('Daily Data'!$K$2:$K$1000,'Daily Data'!$E$2:$E$1000,AT26,'Daily Data'!$M$2:$M$1000,1)) -> 208.05 | AV26: =IF(OR(AT26="",N(AU26)<=0),"",SUMPRODUCT(ISNUMBER($AU$17:$AU$43)*($AU$17:$AU$43>AU26))+SUMPRODUCT(ISNUMBER($AU$17:AU26)*($AU$17:AU26=AU26))) -> 15 | AW26: =IF(AV26="","",AU26/$AU$45) -> 0.020218295 | AX26: =IF(AV26="","",SUMIFS($AU$17:$AU$43,$AV$17:$AV$43,"<"&AV26)/$AU$45) -> 0.88825701 | AY26: =IF(AT26="","",IF(AV26="","-",IF(AX26<'Item Purchases'!$E$49,"A",IF(AX26<'Item Purchases'!$E$50,"B","C")))) -> B | BA26: 10 | BB26: =IFERROR(LEFT(INDEX($AT$17:$AT$43,MATCH(10,$AV$17:$AV$43,0)),20),"") -> Vsoy Soya Bean 250m | BC26: =IFERROR(INDEX($AU$17:$AU$43,MATCH(10,$AV$17:$AV$43,0)),0) -> 338.75 | BD26: =IF($AU$45=0,0,IFERROR(INDEX($AX$17:$AX$43,MATCH(10,$AV$17:$AV$43,0))+INDEX($AW$17:$AW$43,MATCH(10,$AV$17:$AV$43,0)),1)) -> 0.77458258 | BM26: =IF('Item Purchases'!$B13="","",'Item Purchases'!$B13) -> Munchy Oat Krunch - Dark Choco | BN26: =IF(AND(BM26<>"",'Item Purchases'!$W13=1,'Item Purchases'!$AN13<>"Discontinued",N('Item Purchases'!$C13)>0),1,0) -> 1 | BO26: =N('Storehouse Replenishment Schedu'!$CR13) -> 0 | BP26: =N('Item Purchases'!$E13) -> 45 | BQ26: =N('Item Purchases'!$C13) -> 15.833333 | BR26: =IF(BN26=1,BO26/BQ26,"") -> 0 | BS26: =IF(BN26=1,(BO26+BP26)/BQ26,"") -> 2.8421053 | BT26: =IF(BN26=1,BP26/BQ26,"") -> 2.8421053 | BU26: =N('Storehouse Replenishment Schedu'!$CP13) -> 285 | BV26: =IF(BM26="",0,SUMIFS('Daily Data'!$G$2:$G$1000,'Daily Data'!$E$2:$E$1000,BM26)) -> 285 | BW26: =CC26-BV26 -> 0 | BX26: =IF(BN26<>1,"",IF(BO26<=0,IF(BT26<='Item Purchases'!$E$38,"EMPTY - ORDER NOW","EMPTY - PLAN ORDER"),IF(BR26<='Item Purchases'!$E$51,"ORDER NOW",IF(BT26<='Item Purchases'!$E$38,"TRANSFER TO PANTRY",IF(BR26<='Item Purchases'!$E$39,"WATCH","OK"))))) -> EMPTY - ORDER NOW | BY26: =IF(BN26=1,SUMPRODUCT(($BN$17:$BN$43=1)*(($BR$17:$BR$43<BR26)+($BR$17:$BR$43=BR26)*($BT$17:$BT$43<BT26)))+SUMPRODUCT(($BN$17:$BN26=1)*($BR$17:$BR26=BR26)*($BT$17:$BT26=BT26)),"") -> 5 | BZ26: =IF(CA26>0,COUNTIF($CA$17:$CA$43,">"&CA26)+COUNTIF($CA$17:CA26,CA26),"") | CA26: =IF(AND(BM26<>"",'Item Purchases'!$W13=1),ABS(BW26)*1000+CB26,0) -> 0 | CB26: =N('Storehouse Replenishment Schedu'!$CX13) -> 0 | CC26: =BU26-CB26 -> 285 | CD26: =IF('Storehouse Replenishment Schedu'!$CY13="","",'Storehouse Replenishment Schedu'!$CY13) | CG26: =INDEX('Storehouse Replenishment Schedu'!$D$2:$CO$2,1,28) -> 46275 | CH26: =IF(CG26="","",TEXT(CG26,"dd mmm")) -> 10 Sep | CI26: =SUMPRODUCT(INDEX('Storehouse Replenishment Schedu'!$D$4:$CO$30,0,28)*('Item Purchases'!$W$4:$W$30=1)) -> 150 | CJ26: =SUMPRODUCT(INDEX('Storehouse Replenishment Schedu'!$D$4:$CO$30,0,29)*('Item Purchases'!$W$4:$W$30=1)) -> 0 | CK26: =IF(CG26="",0,SUMIFS('Daily Data'!$G$2:$G$1000,'Daily Data'!$A$2:$A$1000,CG26)) -> 150 | CL26: =SUMPRODUCT(INDEX('Storehouse Replenishment Schedu'!$D$4:$CO$30,0,28))-CK26 -> 0 | CM26: =ABS(CL26) -> 0 | CT26: =IF(AND(BM26<>"",'Item Purchases'!$W13=1,ISNUMBER('Item Purchases'!$AQ13),'Item Purchases'!$AS13<>"DISCONTINUED",'Item Purchases'!$AS13<>"NEED MORE DATA"),1,0) -> 1 | CU26: =IF(CT26=1,SUMPRODUCT(($CT$17:$CT$43=1)*('Item Purchases'!$AQ$4:$AQ$30<'Item Purchases'!$AQ13))+SUMPRODUCT(($CT$17:$CT26=1)*('Item Purchases'!$AQ$4:$AQ13='Item Purchases'!$AQ13)),"") -> 20
B27: =AB17 -> Sweet | F27: =AB18 -> Savoury | J27: =AB28 -> Coffee | L27: =AB29 -> Tea | O27: =AB30 -> Other | AB27: Type | AC27: Units | AD27: Share % | AE27: Chart label | AF27: Needle | AH27: =IF(AJ27="","",TEXT(AJ27,"dd mmm")) -> 15 Sep | AI27: =IF(AJ27="","",SUMIFS('Daily Data'!$I$2:$I$1000,'Daily Data'!$A$2:$A$1000,AJ27,'Daily Data'!$M$2:$M$1000,1)) -> 189 | AJ27: ='Daily Data'!$R$13 -> 46280 | AK27: =IF(AJ27="","",COUNTIFS('Daily Data'!$A$2:$A$1000,AJ27,'Daily Data'!$M$2:$M$1000,1,'Daily Data'!$L$2:$L$1000,1)) -> 25 | AM27: ='Daily Data'!$P$3 -> Sep Week 1 | AN27: =SUMIFS('Daily Data'!$I$2:$I$1000,'Daily Data'!$C$2:$C$1000,AM27,'Daily Data'!$M$2:$M$1000,1) -> 1141 | AP27: =IF('Item Purchases'!$B$14="","",'Item Purchases'!$B$14) -> Munchy Oat Krunch - Strawberry & Blackcurrant | AQ27: =IF(AP27="","",SUMIFS('Daily Data'!$I$2:$I$1000,'Daily Data'!$E$2:$E$1000,AP27,'Daily Data'!$M$2:$M$1000,1)) -> 182 | AR27: =IF(AP27="","",SUMPRODUCT(ISNUMBER($AQ$17:$AQ$43)*($AQ$17:$AQ$43>AQ27))+SUMPRODUCT(ISNUMBER($AQ$17:AQ27)*($AQ$17:AQ27=AQ27))) -> 15 | AT27: =AP27 -> Munchy Oat Krunch - Strawberry & Blackcurrant | AU27: =IF(AT27="","",SUMIFS('Daily Data'!$K$2:$K$1000,'Daily Data'!$E$2:$E$1000,AT27,'Daily Data'!$M$2:$M$1000,1)) -> 132.86 | AV27: =IF(OR(AT27="",N(AU27)<=0),"",SUMPRODUCT(ISNUMBER($AU$17:$AU$43)*($AU$17:$AU$43>AU27))+SUMPRODUCT(ISNUMBER($AU$17:AU27)*($AU$17:AU27=AU27))) -> 19 | AW27: =IF(AV27="","",AU27/$AU$45) -> 0.012911332 | AX27: =IF(AV27="","",SUMIFS($AU$17:$AU$43,$AV$17:$AV$43,"<"&AV27)/$AU$45) -> 0.95167303 | AY27: =IF(AT27="","",IF(AV27="","-",IF(AX27<'Item Purchases'!$E$49,"A",IF(AX27<'Item Purchases'!$E$50,"B","C")))) -> C | BA27: 11 | BB27: =IFERROR(LEFT(INDEX($AT$17:$AT$43,MATCH(11,$AV$17:$AV$43,0)),20),"") -> COKE ZERO 325ML | BC27: =IFERROR(INDEX($AU$17:$AU$43,MATCH(11,$AV$17:$AV$43,0)),0) -> 338.55 | BD27: =IF($AU$45=0,0,IFERROR(INDEX($AX$17:$AX$43,MATCH(11,$AV$17:$AV$43,0))+INDEX($AW$17:$AW$43,MATCH(11,$AV$17:$AV$43,0)),1)) -> 0.80748286 | BM27: =IF('Item Purchases'!$B14="","",'Item Purchases'!$B14) -> Munchy Oat Krunch - Strawberry & Blackcurrant | BN27: =IF(AND(BM27<>"",'Item Purchases'!$W14=1,'Item Purchases'!$AN14<>"Discontinued",N('Item Purchases'!$C14)>0),1,0) -> 1 | BO27: =N('Storehouse Replenishment Schedu'!$CR14) -> 0 | BP27: =N('Item Purchases'!$E14) -> 37 | BQ27: =N('Item Purchases'!$C14) -> 8.2727273 | BR27: =IF(BN27=1,BO27/BQ27,"") -> 0 | BS27: =IF(BN27=1,(BO27+BP27)/BQ27,"") -> 4.4725275 | BT27: =IF(BN27=1,BP27/BQ27,"") -> 4.4725275 | BU27: =N('Storehouse Replenishment Schedu'!$CP14) -> 210 | BV27: =IF(BM27="",0,SUMIFS('Daily Data'!$G$2:$G$1000,'Daily Data'!$E$2:$E$1000,BM27)) -> 210 | BW27: =CC27-BV27 -> 0 | BX27: =IF(BN27<>1,"",IF(BO27<=0,IF(BT27<='Item Purchases'!$E$38,"EMPTY - ORDER NOW","EMPTY - PLAN ORDER"),IF(BR27<='Item Purchases'!$E$51,"ORDER NOW",IF(BT27<='Item Purchases'!$E$38,"TRANSFER TO PANTRY",IF(BR27<='Item Purchases'!$E$39,"WATCH","OK"))))) -> EMPTY - ORDER NOW | BY27: =IF(BN27=1,SUMPRODUCT(($BN$17:$BN$43=1)*(($BR$17:$BR$43<BR27)+($BR$17:$BR$43=BR27)*($BT$17:$BT$43<BT27)))+SUMPRODUCT(($BN$17:$BN27=1)*($BR$17:$BR27=BR27)*($BT$17:$BT27=BT27)),"") -> 7 | BZ27: =IF(CA27>0,COUNTIF($CA$17:$CA$43,">"&CA27)+COUNTIF($CA$17:CA27,CA27),"") | CA27: =IF(AND(BM27<>"",'Item Purchases'!$W14=1),ABS(BW27)*1000+CB27,0) -> 0 | CB27: =N('Storehouse Replenishment Schedu'!$CX14) -> 0 | CC27: =BU27-CB27 -> 210 | CD27: =IF('Storehouse Replenishment Schedu'!$CY14="","",'Storehouse Replenishment Schedu'!$CY14) | CG27: =INDEX('Storehouse Replenishment Schedu'!$D$2:$CO$2,1,31) -> 46276 | CH27: =IF(CG27="","",TEXT(CG27,"dd mmm")) -> 11 Sep | CI27: =SUMPRODUCT(INDEX('Storehouse Replenishment Schedu'!$D$4:$CO$30,0,31)*('Item Purchases'!$W$4:$W$30=1)) -> 264 | CJ27: =SUMPRODUCT(INDEX('Storehouse Replenishment Schedu'!$D$4:$CO$30,0,32)*('Item Purchases'!$W$4:$W$30=1)) -> 144 | CK27: =IF(CG27="",0,SUMIFS('Daily Data'!$G$2:$G$1000,'Daily Data'!$A$2:$A$1000,CG27)) -> 264 | CL27: =SUMPRODUCT(INDEX('Storehouse Replenishment Schedu'!$D$4:$CO$30,0,31))-CK27 -> 0 | CM27: =ABS(CL27) -> 0 | CT27: =IF(AND(BM27<>"",'Item Purchases'!$W14=1,ISNUMBER('Item Purchases'!$AQ14),'Item Purchases'!$AS14<>"DISCONTINUED",'Item Purchases'!$AS14<>"NEED MORE DATA"),1,0) -> 1 | CU27: =IF(CT27=1,SUMPRODUCT(($CT$17:$CT$43=1)*('Item Purchases'!$AQ$4:$AQ$30<'Item Purchases'!$AQ14))+SUMPRODUCT(($CT$17:$CT27=1)*('Item Purchases'!$AQ$4:$AQ14='Item Purchases'!$AQ14)),"") -> 12
B28: =TEXT(AD17/100,"0%")&" · "&TEXT(AC17,"#,##0")&" units" -> 48% · 807 units | F28: =TEXT(AD18/100,"0%")&" · "&TEXT(AC18,"#,##0")&" units" -> 52% · 891 units | J28: =TEXT(AD28/100,"0%")&" · "&TEXT(AC28,"#,##0")&" units" -> 3% · 104 units | L28: =TEXT(AD29/100,"0%")&" · "&TEXT(AC29,"#,##0")&" units" -> 21% · 738 units | O28: =TEXT(AD30/100,"0%")&" · "&TEXT(AC30,"#,##0")&" units" -> 76% · 2,632 units | AB28: Coffee | AC28: =SUMIFS('Daily Data'!$I$2:$I$1000,'Daily Data'!$F$2:$F$1000,$AB28,'Daily Data'!$N$2:$N$1000,1) -> 104 | AD28: =IF($AC$32=0,100/3,AC28/$AC$32*100) -> 2.9936672 | AE28: =AB28 -> Coffee | AF28: =$AC$35-$AC$13/2 -> 61.118595 | AH28: =IF(AJ28="","",TEXT(AJ28,"dd mmm")) -> 16 Sep | AI28: =IF(AJ28="","",SUMIFS('Daily Data'!$I$2:$I$1000,'Daily Data'!$A$2:$A$1000,AJ28,'Daily Data'!$M$2:$M$1000,1)) -> 0 | AJ28: ='Daily Data'!$R$14 -> 46281 | AK28: =IF(AJ28="","",COUNTIFS('Daily Data'!$A$2:$A$1000,AJ28,'Daily Data'!$M$2:$M$1000,1,'Daily Data'!$L$2:$L$1000,1)) -> 25 | AM28: ='Daily Data'!$P$4 -> Sep Week 2 | AN28: =SUMIFS('Daily Data'!$I$2:$I$1000,'Daily Data'!$C$2:$C$1000,AM28,'Daily Data'!$M$2:$M$1000,1) -> 1245 | AP28: =IF('Item Purchases'!$B$15="","",'Item Purchases'!$B$15) | AQ28: =IF(AP28="","",SUMIFS('Daily Data'!$I$2:$I$1000,'Daily Data'!$E$2:$E$1000,AP28,'Daily Data'!$M$2:$M$1000,1)) | AR28: =IF(AP28="","",SUMPRODUCT(ISNUMBER($AQ$17:$AQ$43)*($AQ$17:$AQ$43>AQ28))+SUMPRODUCT(ISNUMBER($AQ$17:AQ28)*($AQ$17:AQ28=AQ28))) | AT28: =AP28 | AU28: =IF(AT28="","",SUMIFS('Daily Data'!$K$2:$K$1000,'Daily Data'!$E$2:$E$1000,AT28,'Daily Data'!$M$2:$M$1000,1)) | AV28: =IF(OR(AT28="",N(AU28)<=0),"",SUMPRODUCT(ISNUMBER($AU$17:$AU$43)*($AU$17:$AU$43>AU28))+SUMPRODUCT(ISNUMBER($AU$17:AU28)*($AU$17:AU28=AU28))) | AW28: =IF(AV28="","",AU28/$AU$45) | AX28: =IF(AV28="","",SUMIFS($AU$17:$AU$43,$AV$17:$AV$43,"<"&AV28)/$AU$45) | AY28: =IF(AT28="","",IF(AV28="","-",IF(AX28<'Item Purchases'!$E$49,"A",IF(AX28<'Item Purchases'!$E$50,"B","C")))) | BA28: 12 | BB28: =IFERROR(LEFT(INDEX($AT$17:$AT$43,MATCH(12,$AV$17:$AV$43,0)),20),"") -> FN 100 plus (origina | BC28: =IFERROR(INDEX($AU$17:$AU$43,MATCH(12,$AV$17:$AV$43,0)),0) -> 323.9 | BD28: =IF($AU$45=0,0,IFERROR(INDEX($AX$17:$AX$43,MATCH(12,$AV$17:$AV$43,0))+INDEX($AW$17:$AW$43,MATCH(12,$AV$17:$AV$43,0)),1)) -> 0.83895946 | BM28: =IF('Item Purchases'!$B15="","",'Item Purchases'!$B15) | BN28: =IF(AND(BM28<>"",'Item Purchases'!$W15=1,'Item Purchases'!$AN15<>"Discontinued",N('Item Purchases'!$C15)>0),1,0) -> 0 | BO28: =N('Storehouse Replenishment Schedu'!$CR15) -> 0 | BP28: =N('Item Purchases'!$E15) -> 0 | BQ28: =N('Item Purchases'!$C15) -> 0 | BR28: =IF(BN28=1,BO28/BQ28,"") | BS28: =IF(BN28=1,(BO28+BP28)/BQ28,"") | BT28: =IF(BN28=1,BP28/BQ28,"") | BU28: =N('Storehouse Replenishment Schedu'!$CP15) -> 0 | BV28: =IF(BM28="",0,SUMIFS('Daily Data'!$G$2:$G$1000,'Daily Data'!$E$2:$E$1000,BM28)) -> 0 | BW28: =CC28-BV28 -> 0 | BX28: =IF(BN28<>1,"",IF(BO28<=0,IF(BT28<='Item Purchases'!$E$38,"EMPTY - ORDER NOW","EMPTY - PLAN ORDER"),IF(BR28<='Item Purchases'!$E$51,"ORDER NOW",IF(BT28<='Item Purchases'!$E$38,"TRANSFER TO PANTRY",IF(BR28<='Item Purchases'!$E$39,"WATCH","OK"))))) | BY28: =IF(BN28=1,SUMPRODUCT(($BN$17:$BN$43=1)*(($BR$17:$BR$43<BR28)+($BR$17:$BR$43=BR28)*($BT$17:$BT$43<BT28)))+SUMPRODUCT(($BN$17:$BN28=1)*($BR$17:$BR28=BR28)*($BT$17:$BT28=BT28)),"") | BZ28: =IF(CA28>0,COUNTIF($CA$17:$CA$43,">"&CA28)+COUNTIF($CA$17:CA28,CA28),"") | CA28: =IF(AND(BM28<>"",'Item Purchases'!$W15=1),ABS(BW28)*1000+CB28,0) -> 0 | CB28: =N('Storehouse Replenishment Schedu'!$CX15) -> 0 | CC28: =BU28-CB28 -> 0 | CD28: =IF('Storehouse Replenishment Schedu'!$CY15="","",'Storehouse Replenishment Schedu'!$CY15) | CG28: =INDEX('Storehouse Replenishment Schedu'!$D$2:$CO$2,1,34) -> 46277 | CH28: =IF(CG28="","",TEXT(CG28,"dd mmm")) -> 12 Sep | CI28: =SUMPRODUCT(INDEX('Storehouse Replenishment Schedu'!$D$4:$CO$30,0,34)*('Item Purchases'!$W$4:$W$30=1)) -> 0 | CJ28: =SUMPRODUCT(INDEX('Storehouse Replenishment Schedu'!$D$4:$CO$30,0,35)*('Item Purchases'!$W$4:$W$30=1)) -> 0 | CK28: =IF(CG28="",0,SUMIFS('Daily Data'!$G$2:$G$1000,'Daily Data'!$A$2:$A$1000,CG28)) -> 0 | CL28: =SUMPRODUCT(INDEX('Storehouse Replenishment Schedu'!$D$4:$CO$30,0,34))-CK28 -> 0 | CM28: =ABS(CL28) -> 0 | CT28: =IF(AND(BM28<>"",'Item Purchases'!$W15=1,ISNUMBER('Item Purchases'!$AQ15),'Item Purchases'!$AS15<>"DISCONTINUED",'Item Purchases'!$AS15<>"NEED MORE DATA"),1,0) -> 0 | CU28: =IF(CT28=1,SUMPRODUCT(($CT$17:$CT$43=1)*('Item Purchases'!$AQ$4:$AQ$30<'Item Purchases'!$AQ15))+SUMPRODUCT(($CT$17:$CT28=1)*('Item Purchases'!$AQ$4:$AQ15='Item Purchases'!$AQ15)),"")
B29: =AE19 -> SAVOURY leads · 52% of 1,698 units | J29: =AE31 -> OTHER leads · 76% of 3,474 units | AB29: Tea | AC29: =SUMIFS('Daily Data'!$I$2:$I$1000,'Daily Data'!$F$2:$F$1000,$AB29,'Daily Data'!$N$2:$N$1000,1) -> 738 | AD29: =IF($AC$32=0,100/3,AC29/$AC$32*100) -> 21.243523 | AE29: =AB29 -> Tea | AF29: =$AC$13 -> 2 | AH29: =IF(AJ29="","",TEXT(AJ29,"dd mmm")) -> 17 Sep | AI29: =IF(AJ29="","",SUMIFS('Daily Data'!$I$2:$I$1000,'Daily Data'!$A$2:$A$1000,AJ29,'Daily Data'!$M$2:$M$1000,1)) -> 246 | AJ29: ='Daily Data'!$R$15 -> 46282 | AK29: =IF(AJ29="","",COUNTIFS('Daily Data'!$A$2:$A$1000,AJ29,'Daily Data'!$M$2:$M$1000,1,'Daily Data'!$L$2:$L$1000,1)) -> 25 | AM29: ='Daily Data'!$P$5 -> Sep Week 3 | AN29: =SUMIFS('Daily Data'!$I$2:$I$1000,'Daily Data'!$C$2:$C$1000,AM29,'Daily Data'!$M$2:$M$1000,1) -> 807 | AP29: =IF('Item Purchases'!$B$16="","",'Item Purchases'!$B$16) -> Milo 200ml | AQ29: =IF(AP29="","",SUMIFS('Daily Data'!$I$2:$I$1000,'Daily Data'!$E$2:$E$1000,AP29,'Daily Data'!$M$2:$M$1000,1)) -> 224 | AR29: =IF(AP29="","",SUMPRODUCT(ISNUMBER($AQ$17:$AQ$43)*($AQ$17:$AQ$43>AQ29))+SUMPRODUCT(ISNUMBER($AQ$17:AQ29)*($AQ$17:AQ29=AQ29))) -> 11 | AT29: =AP29 -> Milo 200ml | AU29: =IF(AT29="","",SUMIFS('Daily Data'!$K$2:$K$1000,'Daily Data'!$E$2:$E$1000,AT29,'Daily Data'!$M$2:$M$1000,1)) -> 530.88 | AV29: =IF(OR(AT29="",N(AU29)<=0),"",SUMPRODUCT(ISNUMBER($AU$17:$AU$43)*($AU$17:$AU$43>AU29))+SUMPRODUCT(ISNUMBER($AU$17:AU29)*($AU$17:AU29=AU29))) -> 8 | AW29: =IF(AV29="","",AU29/$AU$45) -> 0.051590909 | AX29: =IF(AV29="","",SUMIFS($AU$17:$AU$43,$AV$17:$AV$43,"<"&AV29)/$AU$45) -> 0.65043534 | AY29: =IF(AT29="","",IF(AV29="","-",IF(AX29<'Item Purchases'!$E$49,"A",IF(AX29<'Item Purchases'!$E$50,"B","C")))) -> A | BA29: 13 | BB29: =IFERROR(LEFT(INDEX($AT$17:$AT$43,MATCH(13,$AV$17:$AV$43,0)),20),"") -> Lays Potato Chips (O | BC29: =IFERROR(INDEX($AU$17:$AU$43,MATCH(13,$AV$17:$AV$43,0)),0) -> 293.93 | BD29: =IF($AU$45=0,0,IFERROR(INDEX($AX$17:$AX$43,MATCH(13,$AV$17:$AV$43,0))+INDEX($AW$17:$AW$43,MATCH(13,$AV$17:$AV$43,0)),1)) -> 0.86752357 | BM29: =IF('Item Purchases'!$B16="","",'Item Purchases'!$B16) -> Milo 200ml | BN29: =IF(AND(BM29<>"",'Item Purchases'!$W16=1,'Item Purchases'!$AN16<>"Discontinued",N('Item Purchases'!$C16)>0),1,0) -> 1 | BO29: =N('Storehouse Replenishment Schedu'!$CR16) -> 0 | BP29: =N('Item Purchases'!$E16) -> 51 | BQ29: =N('Item Purchases'!$C16) -> 14 | BR29: =IF(BN29=1,BO29/BQ29,"") -> 0 | BS29: =IF(BN29=1,(BO29+BP29)/BQ29,"") -> 3.6428571 | BT29: =IF(BN29=1,BP29/BQ29,"") -> 3.6428571 | BU29: =N('Storehouse Replenishment Schedu'!$CP16) -> 240 | BV29: =IF(BM29="",0,SUMIFS('Daily Data'!$G$2:$G$1000,'Daily Data'!$E$2:$E$1000,BM29)) -> 240 | BW29: =CC29-BV29 -> 0 | BX29: =IF(BN29<>1,"",IF(BO29<=0,IF(BT29<='Item Purchases'!$E$38,"EMPTY - ORDER NOW","EMPTY - PLAN ORDER"),IF(BR29<='Item Purchases'!$E$51,"ORDER NOW",IF(BT29<='Item Purchases'!$E$38,"TRANSFER TO PANTRY",IF(BR29<='Item Purchases'!$E$39,"WATCH","OK"))))) -> EMPTY - ORDER NOW | BY29: =IF(BN29=1,SUMPRODUCT(($BN$17:$BN$43=1)*(($BR$17:$BR$43<BR29)+($BR$17:$BR$43=BR29)*($BT$17:$BT$43<BT29)))+SUMPRODUCT(($BN$17:$BN29=1)*($BR$17:$BR29=BR29)*($BT$17:$BT29=BT29)),"") -> 6 | BZ29: =IF(CA29>0,COUNTIF($CA$17:$CA$43,">"&CA29)+COUNTIF($CA$17:CA29,CA29),"") | CA29: =IF(AND(BM29<>"",'Item Purchases'!$W16=1),ABS(BW29)*1000+CB29,0) -> 0 | CB29: =N('Storehouse Replenishment Schedu'!$CX16) -> 0 | CC29: =BU29-CB29 -> 240 | CD29: =IF('Storehouse Replenishment Schedu'!$CY16="","",'Storehouse Replenishment Schedu'!$CY16) | CG29: =INDEX('Storehouse Replenishment Schedu'!$D$2:$CO$2,1,37) -> 46278 | CH29: =IF(CG29="","",TEXT(CG29,"dd mmm")) -> 13 Sep | CI29: =SUMPRODUCT(INDEX('Storehouse Replenishment Schedu'!$D$4:$CO$30,0,37)*('Item Purchases'!$W$4:$W$30=1)) -> 0 | CJ29: =SUMPRODUCT(INDEX('Storehouse Replenishment Schedu'!$D$4:$CO$30,0,38)*('Item Purchases'!$W$4:$W$30=1)) -> 0 | CK29: =IF(CG29="",0,SUMIFS('Daily Data'!$G$2:$G$1000,'Daily Data'!$A$2:$A$1000,CG29)) -> 0 | CL29: =SUMPRODUCT(INDEX('Storehouse Replenishment Schedu'!$D$4:$CO$30,0,37))-CK29 -> 0 | CM29: =ABS(CL29) -> 0 | CT29: =IF(AND(BM29<>"",'Item Purchases'!$W16=1,ISNUMBER('Item Purchases'!$AQ16),'Item Purchases'!$AS16<>"DISCONTINUED",'Item Purchases'!$AS16<>"NEED MORE DATA"),1,0) -> 1 | CU29: =IF(CT29=1,SUMPRODUCT(($CT$17:$CT$43=1)*('Item Purchases'!$AQ$4:$AQ$30<'Item Purchases'!$AQ16))+SUMPRODUCT(($CT$17:$CT29=1)*('Item Purchases'!$AQ$4:$AQ16='Item Purchases'!$AQ16)),"") -> 16 | CV29: Month to date. Stock out includes spoiled / damaged units (Storehouse sheet, column CX), which never reach the pantry. Cover = storehouse stock / avg daily pantry use. Mismatch = stock out - spoiled - pantry stock-in.
AB30: Other | AC30: =SUMIFS('Daily Data'!$I$2:$I$1000,'Daily Data'!$F$2:$F$1000,$AB30,'Daily Data'!$N$2:$N$1000,1) -> 2632 | AD30: =IF($AC$32=0,100/3,AC30/$AC$32*100) -> 75.762809 | AE30: =AB30 -> Other | AF30: =100-$AC$35-$AC$13/2 -> 36.881405 | AH30: =IF(AJ30="","",TEXT(AJ30,"dd mmm")) -> 18 Sep | AI30: =IF(AJ30="","",SUMIFS('Daily Data'!$I$2:$I$1000,'Daily Data'!$A$2:$A$1000,AJ30,'Daily Data'!$M$2:$M$1000,1)) -> 217 | AJ30: ='Daily Data'!$R$16 -> 46283 | AK30: =IF(AJ30="","",COUNTIFS('Daily Data'!$A$2:$A$1000,AJ30,'Daily Data'!$M$2:$M$1000,1,'Daily Data'!$L$2:$L$1000,1)) -> 25 | AM30: ='Daily Data'!$P$6 -> Sep Week 4 | AN30: =SUMIFS('Daily Data'!$I$2:$I$1000,'Daily Data'!$C$2:$C$1000,AM30,'Daily Data'!$M$2:$M$1000,1) -> 1403 | AP30: =IF('Item Purchases'!$B$17="","",'Item Purchases'!$B$17) -> Nescafe Latte 240ml | AQ30: =IF(AP30="","",SUMIFS('Daily Data'!$I$2:$I$1000,'Daily Data'!$E$2:$E$1000,AP30,'Daily Data'!$M$2:$M$1000,1)) -> 41 | AR30: =IF(AP30="","",SUMPRODUCT(ISNUMBER($AQ$17:$AQ$43)*($AQ$17:$AQ$43>AQ30))+SUMPRODUCT(ISNUMBER($AQ$17:AQ30)*($AQ$17:AQ30=AQ30))) -> 21 | AT30: =AP30 -> Nescafe Latte 240ml | AU30: =IF(AT30="","",SUMIFS('Daily Data'!$K$2:$K$1000,'Daily Data'!$E$2:$E$1000,AT30,'Daily Data'!$M$2:$M$1000,1)) -> 89.6875 | AV30: =IF(OR(AT30="",N(AU30)<=0),"",SUMPRODUCT(ISNUMBER($AU$17:$AU$43)*($AU$17:$AU$43>AU30))+SUMPRODUCT(ISNUMBER($AU$17:AU30)*($AU$17:AU30=AU30))) -> 22 | AW30: =IF(AV30="","",AU30/$AU$45) -> 0.0087158297 | AX30: =IF(AV30="","",SUMIFS($AU$17:$AU$43,$AV$17:$AV$43,"<"&AV30)/$AU$45) -> 0.98831241 | AY30: =IF(AT30="","",IF(AV30="","-",IF(AX30<'Item Purchases'!$E$49,"A",IF(AX30<'Item Purchases'!$E$50,"B","C")))) -> C | BA30: 14 | BB30: =IFERROR(LEFT(INDEX($AT$17:$AT$43,MATCH(14,$AV$17:$AV$43,0)),20),"") -> Julie's Peanut Butte | BC30: =IFERROR(INDEX($AU$17:$AU$43,MATCH(14,$AV$17:$AV$43,0)),0) -> 213.351 | BD30: =IF($AU$45=0,0,IFERROR(INDEX($AX$17:$AX$43,MATCH(14,$AV$17:$AV$43,0))+INDEX($AW$17:$AW$43,MATCH(14,$AV$17:$AV$43,0)),1)) -> 0.88825701 | BM30: =IF('Item Purchases'!$B17="","",'Item Purchases'!$B17) -> Nescafe Latte 240ml | BN30: =IF(AND(BM30<>"",'Item Purchases'!$W17=1,'Item Purchases'!$AN17<>"Discontinued",N('Item Purchases'!$C17)>0),1,0) -> 1 | BO30: =N('Storehouse Replenishment Schedu'!$CR17) -> 24 | BP30: =N('Item Purchases'!$E17) -> 38 | BQ30: =N('Item Purchases'!$C17) -> 1.8636364 | BR30: =IF(BN30=1,BO30/BQ30,"") -> 12.878049 | BS30: =IF(BN30=1,(BO30+BP30)/BQ30,"") -> 33.268293 | BT30: =IF(BN30=1,BP30/BQ30,"") -> 20.390244 | BU30: =N('Storehouse Replenishment Schedu'!$CP17) -> 48 | BV30: =IF(BM30="",0,SUMIFS('Daily Data'!$G$2:$G$1000,'Daily Data'!$E$2:$E$1000,BM30)) -> 48 | BW30: =CC30-BV30 -> 0 | BX30: =IF(BN30<>1,"",IF(BO30<=0,IF(BT30<='Item Purchases'!$E$38,"EMPTY - ORDER NOW","EMPTY - PLAN ORDER"),IF(BR30<='Item Purchases'!$E$51,"ORDER NOW",IF(BT30<='Item Purchases'!$E$38,"TRANSFER TO PANTRY",IF(BR30<='Item Purchases'!$E$39,"WATCH","OK"))))) -> WATCH | BY30: =IF(BN30=1,SUMPRODUCT(($BN$17:$BN$43=1)*(($BR$17:$BR$43<BR30)+($BR$17:$BR$43=BR30)*($BT$17:$BT$43<BT30)))+SUMPRODUCT(($BN$17:$BN30=1)*($BR$17:$BR30=BR30)*($BT$17:$BT30=BT30)),"") -> 22 | BZ30: =IF(CA30>0,COUNTIF($CA$17:$CA$43,">"&CA30)+COUNTIF($CA$17:CA30,CA30),"") | CA30: =IF(AND(BM30<>"",'Item Purchases'!$W17=1),ABS(BW30)*1000+CB30,0) -> 0 | CB30: =N('Storehouse Replenishment Schedu'!$CX17) -> 0 | CC30: =BU30-CB30 -> 48 | CD30: =IF('Storehouse Replenishment Schedu'!$CY17="","",'Storehouse Replenishment Schedu'!$CY17) | CG30: =INDEX('Storehouse Replenishment Schedu'!$D$2:$CO$2,1,40) -> 46279 | CH30: =IF(CG30="","",TEXT(CG30,"dd mmm")) -> 14 Sep | CI30: =SUMPRODUCT(INDEX('Storehouse Replenishment Schedu'!$D$4:$CO$30,0,40)*('Item Purchases'!$W$4:$W$30=1)) -> 144 | CJ30: =SUMPRODUCT(INDEX('Storehouse Replenishment Schedu'!$D$4:$CO$30,0,41)*('Item Purchases'!$W$4:$W$30=1)) -> 0 | CK30: =IF(CG30="",0,SUMIFS('Daily Data'!$G$2:$G$1000,'Daily Data'!$A$2:$A$1000,CG30)) -> 144 | CL30: =SUMPRODUCT(INDEX('Storehouse Replenishment Schedu'!$D$4:$CO$30,0,40))-CK30 -> 0 | CM30: =ABS(CL30) -> 0 | CT30: =IF(AND(BM30<>"",'Item Purchases'!$W17=1,ISNUMBER('Item Purchases'!$AQ17),'Item Purchases'!$AS17<>"DISCONTINUED",'Item Purchases'!$AS17<>"NEED MORE DATA"),1,0) -> 1 | CU30: =IF(CT30=1,SUMPRODUCT(($CT$17:$CT$43=1)*('Item Purchases'!$AQ$4:$AQ$30<'Item Purchases'!$AQ17))+SUMPRODUCT(($CT$17:$CT30=1)*('Item Purchases'!$AQ$4:$AQ17='Item Purchases'!$AQ17)),"") -> 4
B31: REORDER PRIORITY - the 10 items with the least stock cover | R31: STOREHOUSE STOCK-TAKE (count vs closing stock) | AB31: (hidden half) | AD31: 100 | AE31: =IF($AC$32=0,"No consumption data yet",UPPER($AC$33)&" leads · "&TEXT(MAX($AD$28:$AD$30)/100,"0%")&" of "&TEXT($AC$32,"#,##0")&" units") -> OTHER leads · 76% of 3,474 units | AF31: 100 | AH31: =IF(AJ31="","",TEXT(AJ31,"dd mmm")) -> 21 Sep | AI31: =IF(AJ31="","",SUMIFS('Daily Data'!$I$2:$I$1000,'Daily Data'!$A$2:$A$1000,AJ31,'Daily Data'!$M$2:$M$1000,1)) -> 155 | AJ31: ='Daily Data'!$R$17 -> 46286 | AK31: =IF(AJ31="","",COUNTIFS('Daily Data'!$A$2:$A$1000,AJ31,'Daily Data'!$M$2:$M$1000,1,'Daily Data'!$L$2:$L$1000,1)) -> 25 | AM31: ='Daily Data'!$P$7 -> Sep Week 5 | AN31: =SUMIFS('Daily Data'!$I$2:$I$1000,'Daily Data'!$C$2:$C$1000,AM31,'Daily Data'!$M$2:$M$1000,1) -> 576 | AP31: =IF('Item Purchases'!$B$18="","",'Item Purchases'!$B$18) -> Nescafe original 240ml | AQ31: =IF(AP31="","",SUMIFS('Daily Data'!$I$2:$I$1000,'Daily Data'!$E$2:$E$1000,AP31,'Daily Data'!$M$2:$M$1000,1)) -> 63 | AR31: =IF(AP31="","",SUMPRODUCT(ISNUMBER($AQ$17:$AQ$43)*($AQ$17:$AQ$43>AQ31))+SUMPRODUCT(ISNUMBER($AQ$17:AQ31)*($AQ$17:AQ31=AQ31))) -> 20 | AT31: =AP31 -> Nescafe original 240ml | AU31: =IF(AT31="","",SUMIFS('Daily Data'!$K$2:$K$1000,'Daily Data'!$E$2:$E$1000,AT31,'Daily Data'!$M$2:$M$1000,1)) -> 137.8125 | AV31: =IF(OR(AT31="",N(AU31)<=0),"",SUMPRODUCT(ISNUMBER($AU$17:$AU$43)*($AU$17:$AU$43>AU31))+SUMPRODUCT(ISNUMBER($AU$17:AU31)*($AU$17:AU31=AU31))) -> 18 | AW31: =IF(AV31="","",AU31/$AU$45) -> 0.013392616 | AX31: =IF(AV31="","",SUMIFS($AU$17:$AU$43,$AV$17:$AV$43,"<"&AV31)/$AU$45) -> 0.93828041 | AY31: =IF(AT31="","",IF(AV31="","-",IF(AX31<'Item Purchases'!$E$49,"A",IF(AX31<'Item Purchases'!$E$50,"B","C")))) -> B | BA31: 15 | BB31: =IFERROR(LEFT(INDEX($AT$17:$AT$43,MATCH(15,$AV$17:$AV$43,0)),20),"") -> Munchy Oat Krunch - | BC31: =IFERROR(INDEX($AU$17:$AU$43,MATCH(15,$AV$17:$AV$43,0)),0) -> 208.05 | BD31: =IF($AU$45=0,0,IFERROR(INDEX($AX$17:$AX$43,MATCH(15,$AV$17:$AV$43,0))+INDEX($AW$17:$AW$43,MATCH(15,$AV$17:$AV$43,0)),1)) -> 0.90847531 | BM31: =IF('Item Purchases'!$B18="","",'Item Purchases'!$B18) -> Nescafe original 240ml | BN31: =IF(AND(BM31<>"",'Item Purchases'!$W18=1,'Item Purchases'!$AN18<>"Discontinued",N('Item Purchases'!$C18)>0),1,0) -> 1 | BO31: =N('Storehouse Replenishment Schedu'!$CR18) -> 24 | BP31: =N('Item Purchases'!$E18) -> 39 | BQ31: =N('Item Purchases'!$C18) -> 2.8636364 | BR31: =IF(BN31=1,BO31/BQ31,"") -> 8.3809524 | BS31: =IF(BN31=1,(BO31+BP31)/BQ31,"") -> 22 | BT31: =IF(BN31=1,BP31/BQ31,"") -> 13.619048 | BU31: =N('Storehouse Replenishment Schedu'!$CP18) -> 72 | BV31: =IF(BM31="",0,SUMIFS('Daily Data'!$G$2:$G$1000,'Daily Data'!$E$2:$E$1000,BM31)) -> 72 | BW31: =CC31-BV31 -> 0 | BX31: =IF(BN31<>1,"",IF(BO31<=0,IF(BT31<='Item Purchases'!$E$38,"EMPTY - ORDER NOW","EMPTY - PLAN ORDER"),IF(BR31<='Item Purchases'!$E$51,"ORDER NOW",IF(BT31<='Item Purchases'!$E$38,"TRANSFER TO PANTRY",IF(BR31<='Item Purchases'!$E$39,"WATCH","OK"))))) -> WATCH | BY31: =IF(BN31=1,SUMPRODUCT(($BN$17:$BN$43=1)*(($BR$17:$BR$43<BR31)+($BR$17:$BR$43=BR31)*($BT$17:$BT$43<BT31)))+SUMPRODUCT(($BN$17:$BN31=1)*($BR$17:$BR31=BR31)*($BT$17:$BT31=BT31)),"") -> 19 | BZ31: =IF(CA31>0,COUNTIF($CA$17:$CA$43,">"&CA31)+COUNTIF($CA$17:CA31,CA31),"") | CA31: =IF(AND(BM31<>"",'Item Purchases'!$W18=1),ABS(BW31)*1000+CB31,0) -> 0 | CB31: =N('Storehouse Replenishment Schedu'!$CX18) -> 0 | CC31: =BU31-CB31 -> 72 | CD31: =IF('Storehouse Replenishment Schedu'!$CY18="","",'Storehouse Replenishment Schedu'!$CY18) | CG31: =INDEX('Storehouse Replenishment Schedu'!$D$2:$CO$2,1,43) -> 46280 | CH31: =IF(CG31="","",TEXT(CG31,"dd mmm")) -> 15 Sep | CI31: =SUMPRODUCT(INDEX('Storehouse Replenishment Schedu'!$D$4:$CO$30,0,43)*('Item Purchases'!$W$4:$W$30=1)) -> 269 | CJ31: =SUMPRODUCT(INDEX('Storehouse Replenishment Schedu'!$D$4:$CO$30,0,44)*('Item Purchases'!$W$4:$W$30=1)) -> 379 | CK31: =IF(CG31="",0,SUMIFS('Daily Data'!$G$2:$G$1000,'Daily Data'!$A$2:$A$1000,CG31)) -> 269 | CL31: =SUMPRODUCT(INDEX('Storehouse Replenishment Schedu'!$D$4:$CO$30,0,43))-CK31 -> 0 | CM31: =ABS(CL31) -> 0 | CT31: =IF(AND(BM31<>"",'Item Purchases'!$W18=1,ISNUMBER('Item Purchases'!$AQ18),'Item Purchases'!$AS18<>"DISCONTINUED",'Item Purchases'!$AS18<>"NEED MORE DATA"),1,0) -> 1 | CU31: =IF(CT31=1,SUMPRODUCT(($CT$17:$CT$43=1)*('Item Purchases'!$AQ$4:$AQ$30<'Item Purchases'!$AQ18))+SUMPRODUCT(($CT$17:$CT31=1)*('Item Purchases'!$AQ$4:$AQ18='Item Purchases'!$AQ18)),"") -> 6 | CV31: STOREHOUSE REPLENISHMENT WATCH - the 10 items with the least storehouse cover (of items with usage)
B32: # | C32: Item | G32: ABC | H32: Status | J32: Stock remaining | K32: Days of cover | L32: Depletes (excl. holiday) | N32: Order now (CTN) | O32: Order qty (units) | P32: Est. cost | R32: Items counted | W32: =SUMPRODUCT(ISNUMBER('Storehouse Replenishment Schedu'!$CS$4:$CS$30)*('Item Purchases'!$W$4:$W$30=1)) -> 26 | Z32: row# | AB32: Total units | AC32: =SUM($AC$28:$AC$30) -> 3474 | AH32: =IF(AJ32="","",TEXT(AJ32,"dd mmm")) -> 22 Sep | AI32: =IF(AJ32="","",SUMIFS('Daily Data'!$I$2:$I$1000,'Daily Data'!$A$2:$A$1000,AJ32,'Daily Data'!$M$2:$M$1000,1)) -> 248 | AJ32: ='Daily Data'!$R$18 -> 46287 | AK32: =IF(AJ32="","",COUNTIFS('Daily Data'!$A$2:$A$1000,AJ32,'Daily Data'!$M$2:$M$1000,1,'Daily Data'!$L$2:$L$1000,1)) -> 25 | AP32: =IF('Item Purchases'!$B$19="","",'Item Purchases'!$B$19) -> COWA Coconut Water 330 ml | AQ32: =IF(AP32="","",SUMIFS('Daily Data'!$I$2:$I$1000,'Daily Data'!$E$2:$E$1000,AP32,'Daily Data'!$M$2:$M$1000,1)) -> 416 | AR32: =IF(AP32="","",SUMPRODUCT(ISNUMBER($AQ$17:$AQ$43)*($AQ$17:$AQ$43>AQ32))+SUMPRODUCT(ISNUMBER($AQ$17:AQ32)*($AQ$17:AQ32=AQ32))) -> 2 | AT32: =AP32 -> COWA Coconut Water 330 ml | AU32: =IF(AT32="","",SUMIFS('Daily Data'!$K$2:$K$1000,'Daily Data'!$E$2:$E$1000,AT32,'Daily Data'!$M$2:$M$1000,1)) -> 1248 | AV32: =IF(OR(AT32="",N(AU32)<=0),"",SUMPRODUCT(ISNUMBER($AU$17:$AU$43)*($AU$17:$AU$43>AU32))+SUMPRODUCT(ISNUMBER($AU$17:AU32)*($AU$17:AU32=AU32))) -> 2 | AW32: =IF(AV32="","",AU32/$AU$45) -> 0.12128062 | AX32: =IF(AV32="","",SUMIFS($AU$17:$AU$43,$AV$17:$AV$43,"<"&AV32)/$AU$45) -> 0.12244678 | AY32: =IF(AT32="","",IF(AV32="","-",IF(AX32<'Item Purchases'!$E$49,"A",IF(AX32<'Item Purchases'!$E$50,"B","C")))) -> A | BM32: =IF('Item Purchases'!$B19="","",'Item Purchases'!$B19) -> COWA Coconut Water 330 ml | BN32: =IF(AND(BM32<>"",'Item Purchases'!$W19=1,'Item Purchases'!$AN19<>"Discontinued",N('Item Purchases'!$C19)>0),1,0) -> 1 | BO32: =N('Storehouse Replenishment Schedu'!$CR19) -> 288 | BP32: =N('Item Purchases'!$E19) -> 196 | BQ32: =N('Item Purchases'!$C19) -> 23.111111 | BR32: =IF(BN32=1,BO32/BQ32,"") -> 12.461538 | BS32: =IF(BN32=1,(BO32+BP32)/BQ32,"") -> 20.942308 | BT32: =IF(BN32=1,BP32/BQ32,"") -> 8.4807692 | BU32: =N('Storehouse Replenishment Schedu'!$CP19) -> 612 | BV32: =IF(BM32="",0,SUMIFS('Daily Data'!$G$2:$G$1000,'Daily Data'!$E$2:$E$1000,BM32)) -> 612 | BW32: =CC32-BV32 -> 0 | BX32: =IF(BN32<>1,"",IF(BO32<=0,IF(BT32<='Item Purchases'!$E$38,"EMPTY - ORDER NOW","EMPTY - PLAN ORDER"),IF(BR32<='Item Purchases'!$E$51,"ORDER NOW",IF(BT32<='Item Purchases'!$E$38,"TRANSFER TO PANTRY",IF(BR32<='Item Purchases'!$E$39,"WATCH","OK"))))) -> WATCH | BY32: =IF(BN32=1,SUMPRODUCT(($BN$17:$BN$43=1)*(($BR$17:$BR$43<BR32)+($BR$17:$BR$43=BR32)*($BT$17:$BT$43<BT32)))+SUMPRODUCT(($BN$17:$BN32=1)*($BR$17:$BR32=BR32)*($BT$17:$BT32=BT32)),"") -> 21 | BZ32: =IF(CA32>0,COUNTIF($CA$17:$CA$43,">"&CA32)+COUNTIF($CA$17:CA32,CA32),"") | CA32: =IF(AND(BM32<>"",'Item Purchases'!$W19=1),ABS(BW32)*1000+CB32,0) -> 0 | CB32: =N('Storehouse Replenishment Schedu'!$CX19) -> 0 | CC32: =BU32-CB32 -> 612 | CD32: =IF('Storehouse Replenishment Schedu'!$CY19="","",'Storehouse Replenishment Schedu'!$CY19) | CG32: =INDEX('Storehouse Replenishment Schedu'!$D$2:$CO$2,1,46) -> 46281 | CH32: =IF(CG32="","",TEXT(CG32,"dd mmm")) -> 16 Sep | CI32: =SUMPRODUCT(INDEX('Storehouse Replenishment Schedu'!$D$4:$CO$30,0,46)*('Item Purchases'!$W$4:$W$30=1)) -> 0 | CJ32: =SUMPRODUCT(INDEX('Storehouse Replenishment Schedu'!$D$4:$CO$30,0,47)*('Item Purchases'!$W$4:$W$30=1)) -> 0 | CK32: =IF(CG32="",0,SUMIFS('Daily Data'!$G$2:$G$1000,'Daily Data'!$A$2:$A$1000,CG32)) -> 0 | CL32: =SUMPRODUCT(INDEX('Storehouse Replenishment Schedu'!$D$4:$CO$30,0,46))-CK32 -> 0 | CM32: =ABS(CL32) -> 0 | CT32: =IF(AND(BM32<>"",'Item Purchases'!$W19=1,ISNUMBER('Item Purchases'!$AQ19),'Item Purchases'!$AS19<>"DISCONTINUED",'Item Purchases'!$AS19<>"NEED MORE DATA"),1,0) -> 1 | CU32: =IF(CT32=1,SUMPRODUCT(($CT$17:$CT$43=1)*('Item Purchases'!$AQ$4:$AQ$30<'Item Purchases'!$AQ19))+SUMPRODUCT(($CT$17:$CT32=1)*('Item Purchases'!$AQ$4:$AQ19='Item Purchases'!$AQ19)),"") -> 21 | CV32: # | CW32: Item | DA32: Storehouse stock | DC32: Pantry stock | DE32: Avg use / day | DG32: Storehouse cover (days) | DI32: Total cover (days) | DK32: Sent to pantry (net, MTD) | DM32: Pantry received (MTD) | DO32: Difference | DQ32: Suggested action
B33: 1 | C33: =IF($Z33="","",INDEX('Item Purchases'!$B$4:$B$30,$Z33)) -> Julies Butter Waffles | G33: =IF($Z33="","",INDEX('Item Purchases'!$AC$4:$AC$30,$Z33)) -> B | H33: =IF($Z33="","",INDEX('Item Purchases'!$M$4:$M$30,$Z33)) -> OUT OF STOCK | J33: =IF($Z33="","",INDEX('Item Purchases'!$F$4:$F$30,$Z33)) -> 0 | K33: =IF($Z33="","",INDEX('Item Purchases'!$G$4:$G$30,$Z33)) -> 0 | L33: =IF($Z33="","",INDEX('Item Purchases'!$I$4:$I$30,$Z33)) -> 46295 | N33: =IF($Z33="","",INDEX('Item Purchases'!$O$4:$O$30,$Z33)) -> 39 | O33: =IF($Z33="","",INDEX('Item Purchases'!$P$4:$P$30,$Z33)) -> 39 | P33: =IF($Z33="","",INDEX('Item Purchases'!$R$4:$R$30,$Z33)) -> 200.85 | R33: Tally | W33: =SUMPRODUCT(('Storehouse Replenishment Schedu'!$CU$4:$CU$30="TALLY")*('Item Purchases'!$W$4:$W$30=1)) -> 26 | Z33: =IFERROR(MATCH($B33,'Item Purchases'!$X$4:$X$30,0),"") -> 2 | AB33: Leading type | AC33: =INDEX($AB$28:$AB$30,$AC$34) -> Other | AH33: =IF(AJ33="","",TEXT(AJ33,"dd mmm")) -> 23 Sep | AI33: =IF(AJ33="","",SUMIFS('Daily Data'!$I$2:$I$1000,'Daily Data'!$A$2:$A$1000,AJ33,'Daily Data'!$M$2:$M$1000,1)) -> 287 | AJ33: ='Daily Data'!$R$19 -> 46288 | AK33: =IF(AJ33="","",COUNTIFS('Daily Data'!$A$2:$A$1000,AJ33,'Daily Data'!$M$2:$M$1000,1,'Daily Data'!$L$2:$L$1000,1)) -> 26 | AP33: =IF('Item Purchases'!$B$20="","",'Item Purchases'!$B$20) -> KARTA Coconut Water 330 ml | AQ33: =IF(AP33="","",SUMIFS('Daily Data'!$I$2:$I$1000,'Daily Data'!$E$2:$E$1000,AP33,'Daily Data'!$M$2:$M$1000,1)) -> 0 | AR33: =IF(AP33="","",SUMPRODUCT(ISNUMBER($AQ$17:$AQ$43)*($AQ$17:$AQ$43>AQ33))+SUMPRODUCT(ISNUMBER($AQ$17:AQ33)*($AQ$17:AQ33=AQ33))) -> 25 | AT33: =AP33 -> KARTA Coconut Water 330 ml | AU33: =IF(AT33="","",SUMIFS('Daily Data'!$K$2:$K$1000,'Daily Data'!$E$2:$E$1000,AT33,'Daily Data'!$M$2:$M$1000,1)) -> 0 | AV33: =IF(OR(AT33="",N(AU33)<=0),"",SUMPRODUCT(ISNUMBER($AU$17:$AU$43)*($AU$17:$AU$43>AU33))+SUMPRODUCT(ISNUMBER($AU$17:AU33)*($AU$17:AU33=AU33))) | AW33: =IF(AV33="","",AU33/$AU$45) | AX33: =IF(AV33="","",SUMIFS($AU$17:$AU$43,$AV$17:$AV$43,"<"&AV33)/$AU$45) | AY33: =IF(AT33="","",IF(AV33="","-",IF(AX33<'Item Purchases'!$E$49,"A",IF(AX33<'Item Purchases'!$E$50,"B","C")))) -> - | BM33: =IF('Item Purchases'!$B20="","",'Item Purchases'!$B20) -> KARTA Coconut Water 330 ml | BN33: =IF(AND(BM33<>"",'Item Purchases'!$W20=1,'Item Purchases'!$AN20<>"Discontinued",N('Item Purchases'!$C20)>0),1,0) -> 0 | BO33: =N('Storehouse Replenishment Schedu'!$CR20) -> 72 | BP33: =N('Item Purchases'!$E20) -> 0 | BQ33: =N('Item Purchases'!$C20) -> 0 | BR33: =IF(BN33=1,BO33/BQ33,"") | BS33: =IF(BN33=1,(BO33+BP33)/BQ33,"") | BT33: =IF(BN33=1,BP33/BQ33,"") | BU33: =N('Storehouse Replenishment Schedu'!$CP20) -> 0 | BV33: =IF(BM33="",0,SUMIFS('Daily Data'!$G$2:$G$1000,'Daily Data'!$E$2:$E$1000,BM33)) -> 0 | BW33: =CC33-BV33 -> 0 | BX33: =IF(BN33<>1,"",IF(BO33<=0,IF(BT33<='Item Purchases'!$E$38,"EMPTY - ORDER NOW","EMPTY - PLAN ORDER"),IF(BR33<='Item Purchases'!$E$51,"ORDER NOW",IF(BT33<='Item Purchases'!$E$38,"TRANSFER TO PANTRY",IF(BR33<='Item Purchases'!$E$39,"WATCH","OK"))))) | BY33: =IF(BN33=1,SUMPRODUCT(($BN$17:$BN$43=1)*(($BR$17:$BR$43<BR33)+($BR$17:$BR$43=BR33)*($BT$17:$BT$43<BT33)))+SUMPRODUCT(($BN$17:$BN33=1)*($BR$17:$BR33=BR33)*($BT$17:$BT33=BT33)),"") | BZ33: =IF(CA33>0,COUNTIF($CA$17:$CA$43,">"&CA33)+COUNTIF($CA$17:CA33,CA33),"") | CA33: =IF(AND(BM33<>"",'Item Purchases'!$W20=1),ABS(BW33)*1000+CB33,0) -> 0 | CB33: =N('Storehouse Replenishment Schedu'!$CX20) -> 0 | CC33: =BU33-CB33 -> 0 | CD33: =IF('Storehouse Replenishment Schedu'!$CY20="","",'Storehouse Replenishment Schedu'!$CY20) | CG33: =INDEX('Storehouse Replenishment Schedu'!$D$2:$CO$2,1,49) -> 46282 | CH33: =IF(CG33="","",TEXT(CG33,"dd mmm")) -> 17 Sep | CI33: =SUMPRODUCT(INDEX('Storehouse Replenishment Schedu'!$D$4:$CO$30,0,49)*('Item Purchases'!$W$4:$W$30=1)) -> 186 | CJ33: =SUMPRODUCT(INDEX('Storehouse Replenishment Schedu'!$D$4:$CO$30,0,50)*('Item Purchases'!$W$4:$W$30=1)) -> 0 | CK33: =IF(CG33="",0,SUMIFS('Daily Data'!$G$2:$G$1000,'Daily Data'!$A$2:$A$1000,CG33)) -> 186 | CL33: =SUMPRODUCT(INDEX('Storehouse Replenishment Schedu'!$D$4:$CO$30,0,49))-CK33 -> 0 | CM33: =ABS(CL33) -> 0 | CT33: =IF(AND(BM33<>"",'Item Purchases'!$W20=1,ISNUMBER('Item Purchases'!$AQ20),'Item Purchases'!$AS20<>"DISCONTINUED",'Item Purchases'!$AS20<>"NEED MORE DATA"),1,0) -> 1 | CU33: =IF(CT33=1,SUMPRODUCT(($CT$17:$CT$43=1)*('Item Purchases'!$AQ$4:$AQ$30<'Item Purchases'!$AQ20))+SUMPRODUCT(($CT$17:$CT33=1)*('Item Purchases'!$AQ$4:$AQ20='Item Purchases'!$AQ20)),"") -> 2 | CV33: =IF($DT33="","",1) -> 1 | CW33: =IF($DT33="","",INDEX($BM$17:$BM$43,$DT33)) -> Julies Butter Waffles | DA33: =IF($DT33="","",INDEX($BO$17:$BO$43,$DT33)) -> 0 | DC33: =IF($DT33="","",INDEX($BP$17:$BP$43,$DT33)) -> 0 | DE33: =IF($DT33="","",INDEX($BQ$17:$BQ$43,$DT33)) -> 1.6842105 | DG33: =IF($DT33="","",INDEX($BR$17:$BR$43,$DT33)) -> 0 | DI33: =IF($DT33="","",INDEX($BS$17:$BS$43,$DT33)) -> 0 | DK33: =IF($DT33="","",INDEX($CC$17:$CC$43,$DT33)) -> 20 | DM33: =IF($DT33="","",INDEX($BV$17:$BV$43,$DT33)) -> 20 | DO33: =IF($DT33="","",INDEX($BW$17:$BW$43,$DT33)) -> 0 | DQ33: =IF($DT33="","",INDEX($BX$17:$BX$43,$DT33)) -> EMPTY - ORDER NOW | DT33: =IFERROR(MATCH(1,$BY$17:$BY$43,0),"") -> 2
B34: 2 | C34: =IF($Z34="","",INDEX('Item Purchases'!$B$4:$B$30,$Z34)) -> NV OATS & DARK CHOC 42GX5 | G34: =IF($Z34="","",INDEX('Item Purchases'!$AC$4:$AC$30,$Z34)) -> C | H34: =IF($Z34="","",INDEX('Item Purchases'!$M$4:$M$30,$Z34)) -> OUT OF STOCK | J34: =IF($Z34="","",INDEX('Item Purchases'!$F$4:$F$30,$Z34)) -> 0 | K34: =IF($Z34="","",INDEX('Item Purchases'!$G$4:$G$30,$Z34)) -> 0 | L34: =IF($Z34="","",INDEX('Item Purchases'!$I$4:$I$30,$Z34)) -> 46295 | N34: =IF($Z34="","",INDEX('Item Purchases'!$O$4:$O$30,$Z34)) -> 26 | O34: =IF($Z34="","",INDEX('Item Purchases'!$P$4:$P$30,$Z34)) -> 130 | P34: =IF($Z34="","",INDEX('Item Purchases'!$R$4:$R$30,$Z34)) -> 361.4 | R34: Mismatch | W34: =SUMPRODUCT(('Storehouse Replenishment Schedu'!$CU$4:$CU$30="MISMATCH")*('Item Purchases'!$W$4:$W$30=1)) -> 0 | Y34: =IF(W34>0,"CHECK","") | Z34: =IFERROR(MATCH($B34,'Item Purchases'!$X$4:$X$30,0),"") -> 5 | AB34: Leader position | AC34: =MATCH(MAX($AD$28:$AD$30),$AD$28:$AD$30,0) -> 3 | AH34: =IF(AJ34="","",TEXT(AJ34,"dd mmm")) -> 24 Sep | AI34: =IF(AJ34="","",SUMIFS('Daily Data'!$I$2:$I$1000,'Daily Data'!$A$2:$A$1000,AJ34,'Daily Data'!$M$2:$M$1000,1)) -> 350 | AJ34: ='Daily Data'!$R$20 -> 46289 | AK34: =IF(AJ34="","",COUNTIFS('Daily Data'!$A$2:$A$1000,AJ34,'Daily Data'!$M$2:$M$1000,1,'Daily Data'!$L$2:$L$1000,1)) -> 26 | AP34: =IF('Item Purchases'!$B$21="","",'Item Purchases'!$B$21) -> COKE ZERO 325ML | AQ34: =IF(AP34="","",SUMIFS('Daily Data'!$I$2:$I$1000,'Daily Data'!$E$2:$E$1000,AP34,'Daily Data'!$M$2:$M$1000,1)) -> 185 | AR34: =IF(AP34="","",SUMPRODUCT(ISNUMBER($AQ$17:$AQ$43)*($AQ$17:$AQ$43>AQ34))+SUMPRODUCT(ISNUMBER($AQ$17:AQ34)*($AQ$17:AQ34=AQ34))) -> 14 | AT34: =AP34 -> COKE ZERO 325ML | AU34: =IF(AT34="","",SUMIFS('Daily Data'!$K$2:$K$1000,'Daily Data'!$E$2:$E$1000,AT34,'Daily Data'!$M$2:$M$1000,1)) -> 338.55 | AV34: =IF(OR(AT34="",N(AU34)<=0),"",SUMPRODUCT(ISNUMBER($AU$17:$AU$43)*($AU$17:$AU$43>AU34))+SUMPRODUCT(ISNUMBER($AU$17:AU34)*($AU$17:AU34=AU34))) -> 11 | AW34: =IF(AV34="","",AU34/$AU$45) -> 0.032900283 | AX34: =IF(AV34="","",SUMIFS($AU$17:$AU$43,$AV$17:$AV$43,"<"&AV34)/$AU$45) -> 0.77458258 | AY34: =IF(AT34="","",IF(AV34="","-",IF(AX34<'Item Purchases'!$E$49,"A",IF(AX34<'Item Purchases'!$E$50,"B","C")))) -> A | BM34: =IF('Item Purchases'!$B21="","",'Item Purchases'!$B21) -> COKE ZERO 325ML | BN34: =IF(AND(BM34<>"",'Item Purchases'!$W21=1,'Item Purchases'!$AN21<>"Discontinued",N('Item Purchases'!$C21)>0),1,0) -> 1 | BO34: =N('Storehouse Replenishment Schedu'!$CR21) -> 24 | BP34: =N('Item Purchases'!$E21) -> 38 | BQ34: =N('Item Purchases'!$C21) -> 8.4090909 | BR34: =IF(BN34=1,BO34/BQ34,"") -> 2.8540541 | BS34: =IF(BN34=1,(BO34+BP34)/BQ34,"") -> 7.372973 | BT34: =IF(BN34=1,BP34/BQ34,"") -> 4.5189189 | BU34: =N('Storehouse Replenishment Schedu'!$CP21) -> 168 | BV34: =IF(BM34="",0,SUMIFS('Daily Data'!$G$2:$G$1000,'Daily Data'!$E$2:$E$1000,BM34)) -> 168 | BW34: =CC34-BV34 -> 0 | BX34: =IF(BN34<>1,"",IF(BO34<=0,IF(BT34<='Item Purchases'!$E$38,"EMPTY - ORDER NOW","EMPTY - PLAN ORDER"),IF(BR34<='Item Purchases'!$E$51,"ORDER NOW",IF(BT34<='Item Purchases'!$E$38,"TRANSFER TO PANTRY",IF(BR34<='Item Purchases'!$E$39,"WATCH","OK"))))) -> ORDER NOW | BY34: =IF(BN34=1,SUMPRODUCT(($BN$17:$BN$43=1)*(($BR$17:$BR$43<BR34)+($BR$17:$BR$43=BR34)*($BT$17:$BT$43<BT34)))+SUMPRODUCT(($BN$17:$BN34=1)*($BR$17:$BR34=BR34)*($BT$17:$BT34=BT34)),"") -> 12 | BZ34: =IF(CA34>0,COUNTIF($CA$17:$CA$43,">"&CA34)+COUNTIF($CA$17:CA34,CA34),"") | CA34: =IF(AND(BM34<>"",'Item Purchases'!$W21=1),ABS(BW34)*1000+CB34,0) -> 0 | CB34: =N('Storehouse Replenishment Schedu'!$CX21) -> 0 | CC34: =BU34-CB34 -> 168 | CD34: =IF('Storehouse Replenishment Schedu'!$CY21="","",'Storehouse Replenishment Schedu'!$CY21) | CG34: =INDEX('Storehouse Replenishment Schedu'!$D$2:$CO$2,1,52) -> 46283 | CH34: =IF(CG34="","",TEXT(CG34,"dd mmm")) -> 18 Sep | CI34: =SUMPRODUCT(INDEX('Storehouse Replenishment Schedu'!$D$4:$CO$30,0,52)*('Item Purchases'!$W$4:$W$30=1)) -> 134 | CJ34: =SUMPRODUCT(INDEX('Storehouse Replenishment Schedu'!$D$4:$CO$30,0,53)*('Item Purchases'!$W$4:$W$30=1)) -> 77 | CK34: =IF(CG34="",0,SUMIFS('Daily Data'!$G$2:$G$1000,'Daily Data'!$A$2:$A$1000,CG34)) -> 132 | CL34: =SUMPRODUCT(INDEX('Storehouse Replenishment Schedu'!$D$4:$CO$30,0,52))-CK34 -> 2 | CM34: =ABS(CL34) -> 2 | CT34: =IF(AND(BM34<>"",'Item Purchases'!$W21=1,ISNUMBER('Item Purchases'!$AQ21),'Item Purchases'!$AS21<>"DISCONTINUED",'Item Purchases'!$AS21<>"NEED MORE DATA"),1,0) -> 1 | CU34: =IF(CT34=1,SUMPRODUCT(($CT$17:$CT$43=1)*('Item Purchases'!$AQ$4:$AQ$30<'Item Purchases'!$AQ21))+SUMPRODUCT(($CT$17:$CT34=1)*('Item Purchases'!$AQ$4:$AQ21='Item Purchases'!$AQ21)),"") -> 10 | CV34: =IF($DT34="","",2) -> 2 | CW34: =IF($DT34="","",INDEX($BM$17:$BM$43,$DT34)) -> NV OATS & DARK CHOC 42GX5 | DA34: =IF($DT34="","",INDEX($BO$17:$BO$43,$DT34)) -> 0 | DC34: =IF($DT34="","",INDEX($BP$17:$BP$43,$DT34)) -> 0 | DE34: =IF($DT34="","",INDEX($BQ$17:$BQ$43,$DT34)) -> 5.5 | DG34: =IF($DT34="","",INDEX($BR$17:$BR$43,$DT34)) -> 0 | DI34: =IF($DT34="","",INDEX($BS$17:$BS$43,$DT34)) -> 0 | DK34: =IF($DT34="","",INDEX($CC$17:$CC$43,$DT34)) -> 0 | DM34: =IF($DT34="","",INDEX($BV$17:$BV$43,$DT34)) -> 0 | DO34: =IF($DT34="","",INDEX($BW$17:$BW$43,$DT34)) -> 0 | DQ34: =IF($DT34="","",INDEX($BX$17:$BX$43,$DT34)) -> EMPTY - ORDER NOW | DT34: =IFERROR(MATCH(2,$BY$17:$BY$43,0),"") -> 5
B35: 3 | C35: =IF($Z35="","",INDEX('Item Purchases'!$B$4:$B$30,$Z35)) -> Oat Side Chocolate 200ml | G35: =IF($Z35="","",INDEX('Item Purchases'!$AC$4:$AC$30,$Z35)) -> A | H35: =IF($Z35="","",INDEX('Item Purchases'!$M$4:$M$30,$Z35)) -> CRITICAL | J35: =IF($Z35="","",INDEX('Item Purchases'!$F$4:$F$30,$Z35)) -> 19 | K35: =IF($Z35="","",INDEX('Item Purchases'!$G$4:$G$30,$Z35)) -> 0.94255875 | L35: =IF($Z35="","",INDEX('Item Purchases'!$I$4:$I$30,$Z35)) -> 46295 | N35: =IF($Z35="","",INDEX('Item Purchases'!$O$4:$O$30,$Z35)) -> 20 | O35: =IF($Z35="","",INDEX('Item Purchases'!$P$4:$P$30,$Z35)) -> 480 | P35: =IF($Z35="","",INDEX('Item Purchases'!$R$4:$R$30,$Z35)) -> 1440 | R35: Not yet counted | W35: =SUMPRODUCT(('Storehouse Replenishment Schedu'!$CU$4:$CU$30="NOT COUNTED")*('Item Purchases'!$W$4:$W$30=1)) -> 0 | Z35: =IFERROR(MATCH($B35,'Item Purchases'!$X$4:$X$30,0),"") -> 27 | AB35: Needle centre (0-100) | AC35: =MIN(MAX(SUMPRODUCT((ROW($AD$28:$AD$30)-ROW($AD$28)+1<$AC$34)*$AD$28:$AD$30)+INDEX($AD$28:$AD$30,$AC$34)/2,$AC$13/2),100-$AC$13/2) -> 62.118595 | AH35: =IF(AJ35="","",TEXT(AJ35,"dd mmm")) -> 25 Sep | AI35: =IF(AJ35="","",SUMIFS('Daily Data'!$I$2:$I$1000,'Daily Data'!$A$2:$A$1000,AJ35,'Daily Data'!$M$2:$M$1000,1)) -> 243 | AJ35: ='Daily Data'!$R$21 -> 46290 | AK35: =IF(AJ35="","",COUNTIFS('Daily Data'!$A$2:$A$1000,AJ35,'Daily Data'!$M$2:$M$1000,1,'Daily Data'!$L$2:$L$1000,1)) -> 26 | AP35: =IF('Item Purchases'!$B$22="","",'Item Purchases'!$B$22) -> Ayataka Tea 300ml | AQ35: =IF(AP35="","",SUMIFS('Daily Data'!$I$2:$I$1000,'Daily Data'!$E$2:$E$1000,AP35,'Daily Data'!$M$2:$M$1000,1)) -> 407 | AR35: =IF(AP35="","",SUMPRODUCT(ISNUMBER($AQ$17:$AQ$43)*($AQ$17:$AQ$43>AQ35))+SUMPRODUCT(ISNUMBER($AQ$17:AQ35)*($AQ$17:AQ35=AQ35))) -> 3 | AT35: =AP35 -> Ayataka Tea 300ml | AU35: =IF(AT35="","",SUMIFS('Daily Data'!$K$2:$K$1000,'Daily Data'!$E$2:$E$1000,AT35,'Daily Data'!$M$2:$M$1000,1)) -> 712.25 | AV35: =IF(OR(AT35="",N(AU35)<=0),"",SUMPRODUCT(ISNUMBER($AU$17:$AU$43)*($AU$17:$AU$43>AU35))+SUMPRODUCT(ISNUMBER($AU$17:AU35)*($AU$17:AU35=AU35))) -> 6 | AW35: =IF(AV35="","",AU35/$AU$45) -> 0.069216443 | AX35: =IF(AV35="","",SUMIFS($AU$17:$AU$43,$AV$17:$AV$43,"<"&AV35)/$AU$45) -> 0.52492739 | AY35: =IF(AT35="","",IF(AV35="","-",IF(AX35<'Item Purchases'!$E$49,"A",IF(AX35<'Item Purchases'!$E$50,"B","C")))) -> A | BM35: =IF('Item Purchases'!$B22="","",'Item Purchases'!$B22) -> Ayataka Tea 300ml | BN35: =IF(AND(BM35<>"",'Item Purchases'!$W22=1,'Item Purchases'!$AN22<>"Discontinued",N('Item Purchases'!$C22)>0),1,0) -> 1 | BO35: =N('Storehouse Replenishment Schedu'!$CR22) -> 48 | BP35: =N('Item Purchases'!$E22) -> 37 | BQ35: =N('Item Purchases'!$C22) -> 31.307692 | BR35: =IF(BN35=1,BO35/BQ35,"") -> 1.5331695 | BS35: =IF(BN35=1,(BO35+BP35)/BQ35,"") -> 2.7149877 | BT35: =IF(BN35=1,BP35/BQ35,"") -> 1.1818182 | BU35: =N('Storehouse Replenishment Schedu'!$CP22) -> 420 | BV35: =IF(BM35="",0,SUMIFS('Daily Data'!$G$2:$G$1000,'Daily Data'!$E$2:$E$1000,BM35)) -> 420 | BW35: =CC35-BV35 -> 0 | BX35: =IF(BN35<>1,"",IF(BO35<=0,IF(BT35<='Item Purchases'!$E$38,"EMPTY - ORDER NOW","EMPTY - PLAN ORDER"),IF(BR35<='Item Purchases'!$E$51,"ORDER NOW",IF(BT35<='Item Purchases'!$E$38,"TRANSFER TO PANTRY",IF(BR35<='Item Purchases'!$E$39,"WATCH","OK"))))) -> ORDER NOW | BY35: =IF(BN35=1,SUMPRODUCT(($BN$17:$BN$43=1)*(($BR$17:$BR$43<BR35)+($BR$17:$BR$43=BR35)*($BT$17:$BT$43<BT35)))+SUMPRODUCT(($BN$17:$BN35=1)*($BR$17:$BR35=BR35)*($BT$17:$BT35=BT35)),"") -> 11 | BZ35: =IF(CA35>0,COUNTIF($CA$17:$CA$43,">"&CA35)+COUNTIF($CA$17:CA35,CA35),"") | CA35: =IF(AND(BM35<>"",'Item Purchases'!$W22=1),ABS(BW35)*1000+CB35,0) -> 0 | CB35: =N('Storehouse Replenishment Schedu'!$CX22) -> 0 | CC35: =BU35-CB35 -> 420 | CD35: =IF('Storehouse Replenishment Schedu'!$CY22="","",'Storehouse Replenishment Schedu'!$CY22) | CG35: =INDEX('Storehouse Replenishment Schedu'!$D$2:$CO$2,1,55) -> 46284 | CH35: =IF(CG35="","",TEXT(CG35,"dd mmm")) -> 19 Sep | CI35: =SUMPRODUCT(INDEX('Storehouse Replenishment Schedu'!$D$4:$CO$30,0,55)*('Item Purchases'!$W$4:$W$30=1)) -> 0 | CJ35: =SUMPRODUCT(INDEX('Storehouse Replenishment Schedu'!$D$4:$CO$30,0,56)*('Item Purchases'!$W$4:$W$30=1)) -> 0 | CK35: =IF(CG35="",0,SUMIFS('Daily Data'!$G$2:$G$1000,'Daily Data'!$A$2:$A$1000,CG35)) -> 0 | CL35: =SUMPRODUCT(INDEX('Storehouse Replenishment Schedu'!$D$4:$CO$30,0,55))-CK35 -> 0 | CM35: =ABS(CL35) -> 0 | CT35: =IF(AND(BM35<>"",'Item Purchases'!$W22=1,ISNUMBER('Item Purchases'!$AQ22),'Item Purchases'!$AS22<>"DISCONTINUED",'Item Purchases'!$AS22<>"NEED MORE DATA"),1,0) -> 1 | CU35: =IF(CT35=1,SUMPRODUCT(($CT$17:$CT$43=1)*('Item Purchases'!$AQ$4:$AQ$30<'Item Purchases'!$AQ22))+SUMPRODUCT(($CT$17:$CT35=1)*('Item Purchases'!$AQ$4:$AQ22='Item Purchases'!$AQ22)),"") -> 24 | CV35: =IF($DT35="","",3) -> 3 | CW35: =IF($DT35="","",INDEX($BM$17:$BM$43,$DT35)) -> Oat Side Chocolate 200ml | DA35: =IF($DT35="","",INDEX($BO$17:$BO$43,$DT35)) -> 0 | DC35: =IF($DT35="","",INDEX($BP$17:$BP$43,$DT35)) -> 19 | DE35: =IF($DT35="","",INDEX($BQ$17:$BQ$43,$DT35)) -> 20.157895 | DG35: =IF($DT35="","",INDEX($BR$17:$BR$43,$DT35)) -> 0 | DI35: =IF($DT35="","",INDEX($BS$17:$BS$43,$DT35)) -> 0.94255875 | DK35: =IF($DT35="","",INDEX($CC$17:$CC$43,$DT35)) -> 378 | DM35: =IF($DT35="","",INDEX($BV$17:$BV$43,$DT35)) -> 378 | DO35: =IF($DT35="","",INDEX($BW$17:$BW$43,$DT35)) -> 0 | DQ35: =IF($DT35="","",INDEX($BX$17:$BX$43,$DT35)) -> EMPTY - ORDER NOW | DT35: =IFERROR(MATCH(3,$BY$17:$BY$43,0),"") -> 27
B36: 4 | C36: =IF($Z36="","",INDEX('Item Purchases'!$B$4:$B$30,$Z36)) -> Vsoy Soya Bean 250ml | G36: =IF($Z36="","",INDEX('Item Purchases'!$AC$4:$AC$30,$Z36)) -> A | H36: =IF($Z36="","",INDEX('Item Purchases'!$M$4:$M$30,$Z36)) -> CRITICAL | J36: =IF($Z36="","",INDEX('Item Purchases'!$F$4:$F$30,$Z36)) -> 27 | K36: =IF($Z36="","",INDEX('Item Purchases'!$G$4:$G$30,$Z36)) -> 1.6937269 | L36: =IF($Z36="","",INDEX('Item Purchases'!$I$4:$I$30,$Z36)) -> 46296 | N36: =IF($Z36="","",INDEX('Item Purchases'!$O$4:$O$30,$Z36)) -> 8 | O36: =IF($Z36="","",INDEX('Item Purchases'!$P$4:$P$30,$Z36)) -> 384 | P36: =IF($Z36="","",INDEX('Item Purchases'!$R$4:$R$30,$Z36)) -> 480 | Z36: =IFERROR(MATCH($B36,'Item Purchases'!$X$4:$X$30,0),"") -> 21 | AH36: =IF(AJ36="","",TEXT(AJ36,"dd mmm")) -> 28 Sep | AI36: =IF(AJ36="","",SUMIFS('Daily Data'!$I$2:$I$1000,'Daily Data'!$A$2:$A$1000,AJ36,'Daily Data'!$M$2:$M$1000,1)) -> 275 | AJ36: ='Daily Data'!$R$22 -> 46293 | AK36: =IF(AJ36="","",COUNTIFS('Daily Data'!$A$2:$A$1000,AJ36,'Daily Data'!$M$2:$M$1000,1,'Daily Data'!$L$2:$L$1000,1)) -> 26 | AP36: =IF('Item Purchases'!$B$23="","",'Item Purchases'!$B$23) -> Oolong Tea 300ml | AQ36: =IF(AP36="","",SUMIFS('Daily Data'!$I$2:$I$1000,'Daily Data'!$E$2:$E$1000,AP36,'Daily Data'!$M$2:$M$1000,1)) -> 331 | AR36: =IF(AP36="","",SUMPRODUCT(ISNUMBER($AQ$17:$AQ$43)*($AQ$17:$AQ$43>AQ36))+SUMPRODUCT(ISNUMBER($AQ$17:AQ36)*($AQ$17:AQ36=AQ36))) -> 6 | AT36: =AP36 -> Oolong Tea 300ml | AU36: =IF(AT36="","",SUMIFS('Daily Data'!$K$2:$K$1000,'Daily Data'!$E$2:$E$1000,AT36,'Daily Data'!$M$2:$M$1000,1)) -> 579.25 | AV36: =IF(OR(AT36="",N(AU36)<=0),"",SUMPRODUCT(ISNUMBER($AU$17:$AU$43)*($AU$17:$AU$43>AU36))+SUMPRODUCT(ISNUMBER($AU$17:AU36)*($AU$17:AU36=AU36))) -> 7 | AW36: =IF(AV36="","",AU36/$AU$45) -> 0.056291505 | AX36: =IF(AV36="","",SUMIFS($AU$17:$AU$43,$AV$17:$AV$43,"<"&AV36)/$AU$45) -> 0.59414384 | AY36: =IF(AT36="","",IF(AV36="","-",IF(AX36<'Item Purchases'!$E$49,"A",IF(AX36<'Item Purchases'!$E$50,"B","C")))) -> A | BM36: =IF('Item Purchases'!$B23="","",'Item Purchases'!$B23) -> Oolong Tea 300ml | BN36: =IF(AND(BM36<>"",'Item Purchases'!$W23=1,'Item Purchases'!$AN23<>"Discontinued",N('Item Purchases'!$C23)>0),1,0) -> 1 | BO36: =N('Storehouse Replenishment Schedu'!$CR23) -> 84 | BP36: =N('Item Purchases'!$E23) -> 53 | BQ36: =N('Item Purchases'!$C23) -> 23.642857 | BR36: =IF(BN36=1,BO36/BQ36,"") -> 3.5528701 | BS36: =IF(BN36=1,(BO36+BP36)/BQ36,"") -> 5.7945619 | BT36: =IF(BN36=1,BP36/BQ36,"") -> 2.2416918 | BU36: =N('Storehouse Replenishment Schedu'!$CP23) -> 360 | BV36: =IF(BM36="",0,SUMIFS('Daily Data'!$G$2:$G$1000,'Daily Data'!$E$2:$E$1000,BM36)) -> 360 | BW36: =CC36-BV36 -> 0 | BX36: =IF(BN36<>1,"",IF(BO36<=0,IF(BT36<='Item Purchases'!$E$38,"EMPTY - ORDER NOW","EMPTY - PLAN ORDER"),IF(BR36<='Item Purchases'!$E$51,"ORDER NOW",IF(BT36<='Item Purchases'!$E$38,"TRANSFER TO PANTRY",IF(BR36<='Item Purchases'!$E$39,"WATCH","OK"))))) -> ORDER NOW | BY36: =IF(BN36=1,SUMPRODUCT(($BN$17:$BN$43=1)*(($BR$17:$BR$43<BR36)+($BR$17:$BR$43=BR36)*($BT$17:$BT$43<BT36)))+SUMPRODUCT(($BN$17:$BN36=1)*($BR$17:$BR36=BR36)*($BT$17:$BT36=BT36)),"") -> 13 | BZ36: =IF(CA36>0,COUNTIF($CA$17:$CA$43,">"&CA36)+COUNTIF($CA$17:CA36,CA36),"") | CA36: =IF(AND(BM36<>"",'Item Purchases'!$W23=1),ABS(BW36)*1000+CB36,0) -> 0 | CB36: =N('Storehouse Replenishment Schedu'!$CX23) -> 0 | CC36: =BU36-CB36 -> 360 | CD36: =IF('Storehouse Replenishment Schedu'!$CY23="","",'Storehouse Replenishment Schedu'!$CY23) | CG36: =INDEX('Storehouse Replenishment Schedu'!$D$2:$CO$2,1,58) -> 46285 | CH36: =IF(CG36="","",TEXT(CG36,"dd mmm")) -> 20 Sep | CI36: =SUMPRODUCT(INDEX('Storehouse Replenishment Schedu'!$D$4:$CO$30,0,58)*('Item Purchases'!$W$4:$W$30=1)) -> 0 | CJ36: =SUMPRODUCT(INDEX('Storehouse Replenishment Schedu'!$D$4:$CO$30,0,59)*('Item Purchases'!$W$4:$W$30=1)) -> 0 | CK36: =IF(CG36="",0,SUMIFS('Daily Data'!$G$2:$G$1000,'Daily Data'!$A$2:$A$1000,CG36)) -> 0 | CL36: =SUMPRODUCT(INDEX('Storehouse Replenishment Schedu'!$D$4:$CO$30,0,58))-CK36 -> 0 | CM36: =ABS(CL36) -> 0 | CT36: =IF(AND(BM36<>"",'Item Purchases'!$W23=1,ISNUMBER('Item Purchases'!$AQ23),'Item Purchases'!$AS23<>"DISCONTINUED",'Item Purchases'!$AS23<>"NEED MORE DATA"),1,0) -> 1 | CU36: =IF(CT36=1,SUMPRODUCT(($CT$17:$CT$43=1)*('Item Purchases'!$AQ$4:$AQ$30<'Item Purchases'!$AQ23))+SUMPRODUCT(($CT$17:$CT36=1)*('Item Purchases'!$AQ$4:$AQ23='Item Purchases'!$AQ23)),"") -> 22 | CV36: =IF($DT36="","",4) -> 4 | CW36: =IF($DT36="","",INDEX($BM$17:$BM$43,$DT36)) -> Vsoy Soya Bean 250ml | DA36: =IF($DT36="","",INDEX($BO$17:$BO$43,$DT36)) -> 0 | DC36: =IF($DT36="","",INDEX($BP$17:$BP$43,$DT36)) -> 27 | DE36: =IF($DT36="","",INDEX($BQ$17:$BQ$43,$DT36)) -> 15.941176 | DG36: =IF($DT36="","",INDEX($BR$17:$BR$43,$DT36)) -> 0 | DI36: =IF($DT36="","",INDEX($BS$17:$BS$43,$DT36)) -> 1.6937269 | DK36: =IF($DT36="","",INDEX($CC$17:$CC$43,$DT36)) -> 240 | DM36: =IF($DT36="","",INDEX($BV$17:$BV$43,$DT36)) -> 240 | DO36: =IF($DT36="","",INDEX($BW$17:$BW$43,$DT36)) -> 0 | DQ36: =IF($DT36="","",INDEX($BX$17:$BX$43,$DT36)) -> EMPTY - ORDER NOW | DT36: =IFERROR(MATCH(4,$BY$17:$BY$43,0),"") -> 21
B37: 5 | C37: =IF($Z37="","",INDEX('Item Purchases'!$B$4:$B$30,$Z37)) -> Ayataka Tea 300ml | G37: =IF($Z37="","",INDEX('Item Purchases'!$AC$4:$AC$30,$Z37)) -> A | H37: =IF($Z37="","",INDEX('Item Purchases'!$M$4:$M$30,$Z37)) -> CRITICAL | J37: =IF($Z37="","",INDEX('Item Purchases'!$F$4:$F$30,$Z37)) -> 85 | K37: =IF($Z37="","",INDEX('Item Purchases'!$G$4:$G$30,$Z37)) -> 2.7149877 | L37: =IF($Z37="","",INDEX('Item Purchases'!$I$4:$I$30,$Z37)) -> 46297 | N37: =IF($Z37="","",INDEX('Item Purchases'!$O$4:$O$30,$Z37)) -> 55 | O37: =IF($Z37="","",INDEX('Item Purchases'!$P$4:$P$30,$Z37)) -> 660 | P37: =IF($Z37="","",INDEX('Item Purchases'!$R$4:$R$30,$Z37)) -> 1155 | R37: Mismatched items (first 8) | Z37: =IFERROR(MATCH($B37,'Item Purchases'!$X$4:$X$30,0),"") -> 19 | AB37: TOP-10 COVER CHART HELPER | AH37: =IF(AJ37="","",TEXT(AJ37,"dd mmm")) -> 29 Sep | AI37: =IF(AJ37="","",SUMIFS('Daily Data'!$I$2:$I$1000,'Daily Data'!$A$2:$A$1000,AJ37,'Daily Data'!$M$2:$M$1000,1)) -> 317 | AJ37: ='Daily Data'!$R$23 -> 46294 | AK37: =IF(AJ37="","",COUNTIFS('Daily Data'!$A$2:$A$1000,AJ37,'Daily Data'!$M$2:$M$1000,1,'Daily Data'!$L$2:$L$1000,1)) -> 26 | AP37: =IF('Item Purchases'!$B$24="","",'Item Purchases'!$B$24) -> Vsoy Soya Bean 250ml | AQ37: =IF(AP37="","",SUMIFS('Daily Data'!$I$2:$I$1000,'Daily Data'!$E$2:$E$1000,AP37,'Daily Data'!$M$2:$M$1000,1)) -> 271 | AR37: =IF(AP37="","",SUMPRODUCT(ISNUMBER($AQ$17:$AQ$43)*($AQ$17:$AQ$43>AQ37))+SUMPRODUCT(ISNUMBER($AQ$17:AQ37)*($AQ$17:AQ37=AQ37))) -> 10 | AT37: =AP37 -> Vsoy Soya Bean 250ml | AU37: =IF(AT37="","",SUMIFS('Daily Data'!$K$2:$K$1000,'Daily Data'!$E$2:$E$1000,AT37,'Daily Data'!$M$2:$M$1000,1)) -> 338.75 | AV37: =IF(OR(AT37="",N(AU37)<=0),"",SUMPRODUCT(ISNUMBER($AU$17:$AU$43)*($AU$17:$AU$43>AU37))+SUMPRODUCT(ISNUMBER($AU$17:AU37)*($AU$17:AU37=AU37))) -> 10 | AW37: =IF(AV37="","",AU37/$AU$45) -> 0.032919719 | AX37: =IF(AV37="","",SUMIFS($AU$17:$AU$43,$AV$17:$AV$43,"<"&AV37)/$AU$45) -> 0.74166286 | AY37: =IF(AT37="","",IF(AV37="","-",IF(AX37<'Item Purchases'!$E$49,"A",IF(AX37<'Item Purchases'!$E$50,"B","C")))) -> A | BM37: =IF('Item Purchases'!$B24="","",'Item Purchases'!$B24) -> Vsoy Soya Bean 250ml | BN37: =IF(AND(BM37<>"",'Item Purchases'!$W24=1,'Item Purchases'!$AN24<>"Discontinued",N('Item Purchases'!$C24)>0),1,0) -> 1 | BO37: =N('Storehouse Replenishment Schedu'!$CR24) -> 0 | BP37: =N('Item Purchases'!$E24) -> 27 | BQ37: =N('Item Purchases'!$C24) -> 15.941176 | BR37: =IF(BN37=1,BO37/BQ37,"") -> 0 | BS37: =IF(BN37=1,(BO37+BP37)/BQ37,"") -> 1.6937269 | BT37: =IF(BN37=1,BP37/BQ37,"") -> 1.6937269 | BU37: =N('Storehouse Replenishment Schedu'!$CP24) -> 240 | BV37: =IF(BM37="",0,SUMIFS('Daily Data'!$G$2:$G$1000,'Daily Data'!$E$2:$E$1000,BM37)) -> 240 | BW37: =CC37-BV37 -> 0 | BX37: =IF(BN37<>1,"",IF(BO37<=0,IF(BT37<='Item Purchases'!$E$38,"EMPTY - ORDER NOW","EMPTY - PLAN ORDER"),IF(BR37<='Item Purchases'!$E$51,"ORDER NOW",IF(BT37<='Item Purchases'!$E$38,"TRANSFER TO PANTRY",IF(BR37<='Item Purchases'!$E$39,"WATCH","OK"))))) -> EMPTY - ORDER NOW | BY37: =IF(BN37=1,SUMPRODUCT(($BN$17:$BN$43=1)*(($BR$17:$BR$43<BR37)+($BR$17:$BR$43=BR37)*($BT$17:$BT$43<BT37)))+SUMPRODUCT(($BN$17:$BN37=1)*($BR$17:$BR37=BR37)*($BT$17:$BT37=BT37)),"") -> 4 | BZ37: =IF(CA37>0,COUNTIF($CA$17:$CA$43,">"&CA37)+COUNTIF($CA$17:CA37,CA37),"") | CA37: =IF(AND(BM37<>"",'Item Purchases'!$W24=1),ABS(BW37)*1000+CB37,0) -> 0 | CB37: =N('Storehouse Replenishment Schedu'!$CX24) -> 0 | CC37: =BU37-CB37 -> 240 | CD37: =IF('Storehouse Replenishment Schedu'!$CY24="","",'Storehouse Replenishment Schedu'!$CY24) | CG37: =INDEX('Storehouse Replenishment Schedu'!$D$2:$CO$2,1,61) -> 46286 | CH37: =IF(CG37="","",TEXT(CG37,"dd mmm")) -> 21 Sep | CI37: =SUMPRODUCT(INDEX('Storehouse Replenishment Schedu'!$D$4:$CO$30,0,61)*('Item Purchases'!$W$4:$W$30=1)) -> 233 | CJ37: =SUMPRODUCT(INDEX('Storehouse Replenishment Schedu'!$D$4:$CO$30,0,62)*('Item Purchases'!$W$4:$W$30=1)) -> 1678 | CK37: =IF(CG37="",0,SUMIFS('Daily Data'!$G$2:$G$1000,'Daily Data'!$A$2:$A$1000,CG37)) -> 233 | CL37: =SUMPRODUCT(INDEX('Storehouse Replenishment Schedu'!$D$4:$CO$30,0,61))-CK37 -> 0 | CM37: =ABS(CL37) -> 0 | CT37: =IF(AND(BM37<>"",'Item Purchases'!$W24=1,ISNUMBER('Item Purchases'!$AQ24),'Item Purchases'!$AS24<>"DISCONTINUED",'Item Purchases'!$AS24<>"NEED MORE DATA"),1,0) -> 1 | CU37: =IF(CT37=1,SUMPRODUCT(($CT$17:$CT$43=1)*('Item Purchases'!$AQ$4:$AQ$30<'Item Purchases'!$AQ24))+SUMPRODUCT(($CT$17:$CT37=1)*('Item Purchases'!$AQ$4:$AQ24='Item Purchases'!$AQ24)),"") -> 17 | CV37: =IF($DT37="","",5) -> 5 | CW37: =IF($DT37="","",INDEX($BM$17:$BM$43,$DT37)) -> Munchy Oat Krunch - Dark Choco | DA37: =IF($DT37="","",INDEX($BO$17:$BO$43,$DT37)) -> 0 | DC37: =IF($DT37="","",INDEX($BP$17:$BP$43,$DT37)) -> 45 | DE37: =IF($DT37="","",INDEX($BQ$17:$BQ$43,$DT37)) -> 15.833333 | DG37: =IF($DT37="","",INDEX($BR$17:$BR$43,$DT37)) -> 0 | DI37: =IF($DT37="","",INDEX($BS$17:$BS$43,$DT37)) -> 2.8421053 | DK37: =IF($DT37="","",INDEX($CC$17:$CC$43,$DT37)) -> 285 | DM37: =IF($DT37="","",INDEX($BV$17:$BV$43,$DT37)) -> 285 | DO37: =IF($DT37="","",INDEX($BW$17:$BW$43,$DT37)) -> 0 | DQ37: =IF($DT37="","",INDEX($BX$17:$BX$43,$DT37)) -> EMPTY - ORDER NOW | DT37: =IFERROR(MATCH(5,$BY$17:$BY$43,0),"") -> 10
B38: 6 | C38: =IF($Z38="","",INDEX('Item Purchases'!$B$4:$B$30,$Z38)) -> Munchy Oat Krunch - Dark Choco | G38: =IF($Z38="","",INDEX('Item Purchases'!$AC$4:$AC$30,$Z38)) -> B | H38: =IF($Z38="","",INDEX('Item Purchases'!$M$4:$M$30,$Z38)) -> CRITICAL | J38: =IF($Z38="","",INDEX('Item Purchases'!$F$4:$F$30,$Z38)) -> 45 | K38: =IF($Z38="","",INDEX('Item Purchases'!$G$4:$G$30,$Z38)) -> 2.8421053 | L38: =IF($Z38="","",INDEX('Item Purchases'!$I$4:$I$30,$Z38)) -> 46297 | N38: =IF($Z38="","",INDEX('Item Purchases'!$O$4:$O$30,$Z38)) -> 23 | O38: =IF($Z38="","",INDEX('Item Purchases'!$P$4:$P$30,$Z38)) -> 345 | P38: =IF($Z38="","",INDEX('Item Purchases'!$R$4:$R$30,$Z38)) -> 251.85 | R38: Item | V38: Closing stock | X38: Variance | Z38: =IFERROR(MATCH($B38,'Item Purchases'!$X$4:$X$30,0),"") -> 10 | AB38: Item (short) | AC38: Out / Critical | AD38: Low | AE38: Watch | AF38: Healthy | AH38: =IF(AJ38="","",TEXT(AJ38,"dd mmm")) -> 30 Sep | AI38: =IF(AJ38="","",SUMIFS('Daily Data'!$I$2:$I$1000,'Daily Data'!$A$2:$A$1000,AJ38,'Daily Data'!$M$2:$M$1000,1)) -> 259 | AJ38: ='Daily Data'!$R$24 -> 46295 | AK38: =IF(AJ38="","",COUNTIFS('Daily Data'!$A$2:$A$1000,AJ38,'Daily Data'!$M$2:$M$1000,1,'Daily Data'!$L$2:$L$1000,1)) -> 26 | AP38: =IF('Item Purchases'!$B$25="","",'Item Purchases'!$B$25) -> BingRae Banana Milk 200ml | AQ38: =IF(AP38="","",SUMIFS('Daily Data'!$I$2:$I$1000,'Daily Data'!$E$2:$E$1000,AP38,'Daily Data'!$M$2:$M$1000,1)) -> 123 | AR38: =IF(AP38="","",SUMPRODUCT(ISNUMBER($AQ$17:$AQ$43)*($AQ$17:$AQ$43>AQ38))+SUMPRODUCT(ISNUMBER($AQ$17:AQ38)*($AQ$17:AQ38=AQ38))) -> 17 | AT38: =AP38 -> BingRae Banana Milk 200ml | AU38: =IF(AT38="","",SUMIFS('Daily Data'!$K$2:$K$1000,'Daily Data'!$E$2:$E$1000,AT38,'Daily Data'!$M$2:$M$1000,1)) -> 407.868 | AV38: =IF(OR(AT38="",N(AU38)<=0),"",SUMPRODUCT(ISNUMBER($AU$17:$AU$43)*($AU$17:$AU$43>AU38))+SUMPRODUCT(ISNUMBER($AU$17:AU38)*($AU$17:AU38=AU38))) -> 9 | AW38: =IF(AV38="","",AU38/$AU$45) -> 0.039636605 | AX38: =IF(AV38="","",SUMIFS($AU$17:$AU$43,$AV$17:$AV$43,"<"&AV38)/$AU$45) -> 0.70202625 | AY38: =IF(AT38="","",IF(AV38="","-",IF(AX38<'Item Purchases'!$E$49,"A",IF(AX38<'Item Purchases'!$E$50,"B","C")))) -> A | BM38: =IF('Item Purchases'!$B25="","",'Item Purchases'!$B25) -> BingRae Banana Milk 200ml | BN38: =IF(AND(BM38<>"",'Item Purchases'!$W25=1,'Item Purchases'!$AN25<>"Discontinued",N('Item Purchases'!$C25)>0),1,0) -> 1 | BO38: =N('Storehouse Replenishment Schedu'!$CR25) -> 0 | BP38: =N('Item Purchases'!$E25) -> 44 | BQ38: =N('Item Purchases'!$C25) -> 7.6875 | BR38: =IF(BN38=1,BO38/BQ38,"") -> 0 | BS38: =IF(BN38=1,(BO38+BP38)/BQ38,"") -> 5.7235772 | BT38: =IF(BN38=1,BP38/BQ38,"") -> 5.7235772 | BU38: =N('Storehouse Replenishment Schedu'!$CP25) -> 144 | BV38: =IF(BM38="",0,SUMIFS('Daily Data'!$G$2:$G$1000,'Daily Data'!$E$2:$E$1000,BM38)) -> 144 | BW38: =CC38-BV38 -> 0 | BX38: =IF(BN38<>1,"",IF(BO38<=0,IF(BT38<='Item Purchases'!$E$38,"EMPTY - ORDER NOW","EMPTY - PLAN ORDER"),IF(BR38<='Item Purchases'!$E$51,"ORDER NOW",IF(BT38<='Item Purchases'!$E$38,"TRANSFER TO PANTRY",IF(BR38<='Item Purchases'!$E$39,"WATCH","OK"))))) -> EMPTY - ORDER NOW | BY38: =IF(BN38=1,SUMPRODUCT(($BN$17:$BN$43=1)*(($BR$17:$BR$43<BR38)+($BR$17:$BR$43=BR38)*($BT$17:$BT$43<BT38)))+SUMPRODUCT(($BN$17:$BN38=1)*($BR$17:$BR38=BR38)*($BT$17:$BT38=BT38)),"") -> 10 | BZ38: =IF(CA38>0,COUNTIF($CA$17:$CA$43,">"&CA38)+COUNTIF($CA$17:CA38,CA38),"") | CA38: =IF(AND(BM38<>"",'Item Purchases'!$W25=1),ABS(BW38)*1000+CB38,0) -> 0 | CB38: =N('Storehouse Replenishment Schedu'!$CX25) -> 0 | CC38: =BU38-CB38 -> 144 | CD38: =IF('Storehouse Replenishment Schedu'!$CY25="","",'Storehouse Replenishment Schedu'!$CY25) | CG38: =INDEX('Storehouse Replenishment Schedu'!$D$2:$CO$2,1,64) -> 46287 | CH38: =IF(CG38="","",TEXT(CG38,"dd mmm")) -> 22 Sep | CI38: =SUMPRODUCT(INDEX('Storehouse Replenishment Schedu'!$D$4:$CO$30,0,64)*('Item Purchases'!$W$4:$W$30=1)) -> 464 | CJ38: =SUMPRODUCT(INDEX('Storehouse Replenishment Schedu'!$D$4:$CO$30,0,65)*('Item Purchases'!$W$4:$W$30=1)) -> 0 | CK38: =IF(CG38="",0,SUMIFS('Daily Data'!$G$2:$G$1000,'Daily Data'!$A$2:$A$1000,CG38)) -> 464 | CL38: =SUMPRODUCT(INDEX('Storehouse Replenishment Schedu'!$D$4:$CO$30,0,64))-CK38 -> 0 | CM38: =ABS(CL38) -> 0 | CT38: =IF(AND(BM38<>"",'Item Purchases'!$W25=1,ISNUMBER('Item Purchases'!$AQ25),'Item Purchases'!$AS25<>"DISCONTINUED",'Item Purchases'!$AS25<>"NEED MORE DATA"),1,0) -> 1 | CU38: =IF(CT38=1,SUMPRODUCT(($CT$17:$CT$43=1)*('Item Purchases'!$AQ$4:$AQ$30<'Item Purchases'!$AQ25))+SUMPRODUCT(($CT$17:$CT38=1)*('Item Purchases'!$AQ$4:$AQ25='Item Purchases'!$AQ25)),"") -> 8 | CV38: =IF($DT38="","",6) -> 6 | CW38: =IF($DT38="","",INDEX($BM$17:$BM$43,$DT38)) -> Milo 200ml | DA38: =IF($DT38="","",INDEX($BO$17:$BO$43,$DT38)) -> 0 | DC38: =IF($DT38="","",INDEX($BP$17:$BP$43,$DT38)) -> 51 | DE38: =IF($DT38="","",INDEX($BQ$17:$BQ$43,$DT38)) -> 14 | DG38: =IF($DT38="","",INDEX($BR$17:$BR$43,$DT38)) -> 0 | DI38: =IF($DT38="","",INDEX($BS$17:$BS$43,$DT38)) -> 3.6428571 | DK38: =IF($DT38="","",INDEX($CC$17:$CC$43,$DT38)) -> 240 | DM38: =IF($DT38="","",INDEX($BV$17:$BV$43,$DT38)) -> 240 | DO38: =IF($DT38="","",INDEX($BW$17:$BW$43,$DT38)) -> 0 | DQ38: =IF($DT38="","",INDEX($BX$17:$BX$43,$DT38)) -> EMPTY - ORDER NOW | DT38: =IFERROR(MATCH(6,$BY$17:$BY$43,0),"") -> 13
B39: 7 | C39: =IF($Z39="","",INDEX('Item Purchases'!$B$4:$B$30,$Z39)) -> Milo 200ml | G39: =IF($Z39="","",INDEX('Item Purchases'!$AC$4:$AC$30,$Z39)) -> A | H39: =IF($Z39="","",INDEX('Item Purchases'!$M$4:$M$30,$Z39)) -> LOW | J39: =IF($Z39="","",INDEX('Item Purchases'!$F$4:$F$30,$Z39)) -> 51 | K39: =IF($Z39="","",INDEX('Item Purchases'!$G$4:$G$30,$Z39)) -> 3.6428571 | L39: =IF($Z39="","",INDEX('Item Purchases'!$I$4:$I$30,$Z39)) -> 46300 | N39: =IF($Z39="","",INDEX('Item Purchases'!$O$4:$O$30,$Z39)) -> 12 | O39: =IF($Z39="","",INDEX('Item Purchases'!$P$4:$P$30,$Z39)) -> 288 | P39: =IF($Z39="","",INDEX('Item Purchases'!$R$4:$R$30,$Z39)) -> 682.56 | R39: =IF($W$34>0,INDEX('Storehouse Replenishment Schedu'!$B$4:$B$30,MATCH(1,'Item Purchases'!$AL$4:$AL$30,0)),IF($W$32=0,"No physical count entered yet","All counted items tally")) -> All counted items tally | V39: =IFERROR(INDEX('Storehouse Replenishment Schedu'!$CR$4:$CR$30,MATCH(1,'Item Purchases'!$AL$4:$AL$30,0)),"") | X39: =IFERROR(INDEX('Storehouse Replenishment Schedu'!$CT$4:$CT$30,MATCH(1,'Item Purchases'!$AL$4:$AL$30,0)),"") | Z39: =IFERROR(MATCH($B39,'Item Purchases'!$X$4:$X$30,0),"") -> 13 | AB39: =IF($C33="","",LEFT($C33,28)&IF($H33="OUT OF STOCK"," (OUT)","")) -> Julies Butter Waffles (OUT) | AC39: =IF(OR($H33="OUT OF STOCK",$H33="CRITICAL"),$K33,0) -> 0 | AD39: =IF($H33="LOW",$K33,0) -> 0 | AE39: =IF($H33="WATCH",$K33,0) -> 0 | AF39: =IF($H33="HEALTHY",$K33,0) -> 0 | AH39: =IF(AJ39="","",TEXT(AJ39,"dd mmm")) | AI39: =IF(AJ39="","",SUMIFS('Daily Data'!$I$2:$I$1000,'Daily Data'!$A$2:$A$1000,AJ39,'Daily Data'!$M$2:$M$1000,1)) | AJ39: ='Daily Data'!$R$25 | AK39: =IF(AJ39="","",COUNTIFS('Daily Data'!$A$2:$A$1000,AJ39,'Daily Data'!$M$2:$M$1000,1,'Daily Data'!$L$2:$L$1000,1)) | AP39: =IF('Item Purchases'!$B$26="","",'Item Purchases'!$B$26) -> Fuze Tea by Heaven and Earth Jasmine Tea | AQ39: =IF(AP39="","",SUMIFS('Daily Data'!$I$2:$I$1000,'Daily Data'!$E$2:$E$1000,AP39,'Daily Data'!$M$2:$M$1000,1)) -> 0 | AR39: =IF(AP39="","",SUMPRODUCT(ISNUMBER($AQ$17:$AQ$43)*($AQ$17:$AQ$43>AQ39))+SUMPRODUCT(ISNUMBER($AQ$17:AQ39)*($AQ$17:AQ39=AQ39))) -> 26 | AT39: =AP39 -> Fuze Tea by Heaven and Earth Jasmine Tea | AU39: =IF(AT39="","",SUMIFS('Daily Data'!$K$2:$K$1000,'Daily Data'!$E$2:$E$1000,AT39,'Daily Data'!$M$2:$M$1000,1)) -> 0 | AV39: =IF(OR(AT39="",N(AU39)<=0),"",SUMPRODUCT(ISNUMBER($AU$17:$AU$43)*($AU$17:$AU$43>AU39))+SUMPRODUCT(ISNUMBER($AU$17:AU39)*($AU$17:AU39=AU39))) | AW39: =IF(AV39="","",AU39/$AU$45) | AX39: =IF(AV39="","",SUMIFS($AU$17:$AU$43,$AV$17:$AV$43,"<"&AV39)/$AU$45) | AY39: =IF(AT39="","",IF(AV39="","-",IF(AX39<'Item Purchases'!$E$49,"A",IF(AX39<'Item Purchases'!$E$50,"B","C")))) -> - | BM39: =IF('Item Purchases'!$B26="","",'Item Purchases'!$B26) -> Fuze Tea by Heaven and Earth Jasmine Tea | BN39: =IF(AND(BM39<>"",'Item Purchases'!$W26=1,'Item Purchases'!$AN26<>"Discontinued",N('Item Purchases'!$C26)>0),1,0) -> 0 | BO39: =N('Storehouse Replenishment Schedu'!$CR26) -> 0 | BP39: =N('Item Purchases'!$E26) -> 0 | BQ39: =N('Item Purchases'!$C26) -> 0 | BR39: =IF(BN39=1,BO39/BQ39,"") | BS39: =IF(BN39=1,(BO39+BP39)/BQ39,"") | BT39: =IF(BN39=1,BP39/BQ39,"") | BU39: =N('Storehouse Replenishment Schedu'!$CP26) -> 0 | BV39: =IF(BM39="",0,SUMIFS('Daily Data'!$G$2:$G$1000,'Daily Data'!$E$2:$E$1000,BM39)) -> 0 | BW39: =CC39-BV39 -> 0 | BX39: =IF(BN39<>1,"",IF(BO39<=0,IF(BT39<='Item Purchases'!$E$38,"EMPTY - ORDER NOW","EMPTY - PLAN ORDER"),IF(BR39<='Item Purchases'!$E$51,"ORDER NOW",IF(BT39<='Item Purchases'!$E$38,"TRANSFER TO PANTRY",IF(BR39<='Item Purchases'!$E$39,"WATCH","OK"))))) | BY39: =IF(BN39=1,SUMPRODUCT(($BN$17:$BN$43=1)*(($BR$17:$BR$43<BR39)+($BR$17:$BR$43=BR39)*($BT$17:$BT$43<BT39)))+SUMPRODUCT(($BN$17:$BN39=1)*($BR$17:$BR39=BR39)*($BT$17:$BT39=BT39)),"") | BZ39: =IF(CA39>0,COUNTIF($CA$17:$CA$43,">"&CA39)+COUNTIF($CA$17:CA39,CA39),"") | CA39: =IF(AND(BM39<>"",'Item Purchases'!$W26=1),ABS(BW39)*1000+CB39,0) -> 0 | CB39: =N('Storehouse Replenishment Schedu'!$CX26) -> 0 | CC39: =BU39-CB39 -> 0 | CD39: =IF('Storehouse Replenishment Schedu'!$CY26="","",'Storehouse Replenishment Schedu'!$CY26) | CG39: =INDEX('Storehouse Replenishment Schedu'!$D$2:$CO$2,1,67) -> 46288 | CH39: =IF(CG39="","",TEXT(CG39,"dd mmm")) -> 23 Sep | CI39: =SUMPRODUCT(INDEX('Storehouse Replenishment Schedu'!$D$4:$CO$30,0,67)*('Item Purchases'!$W$4:$W$30=1)) -> 319 | CJ39: =SUMPRODUCT(INDEX('Storehouse Replenishment Schedu'!$D$4:$CO$30,0,68)*('Item Purchases'!$W$4:$W$30=1)) -> 0 | CK39: =IF(CG39="",0,SUMIFS('Daily Data'!$G$2:$G$1000,'Daily Data'!$A$2:$A$1000,CG39)) -> 319 | CL39: =SUMPRODUCT(INDEX('Storehouse Replenishment Schedu'!$D$4:$CO$30,0,67))-CK39 -> 0 | CM39: =ABS(CL39) -> 0 | CT39: =IF(AND(BM39<>"",'Item Purchases'!$W26=1,ISNUMBER('Item Purchases'!$AQ26),'Item Purchases'!$AS26<>"DISCONTINUED",'Item Purchases'!$AS26<>"NEED MORE DATA"),1,0) -> 1 | CU39: =IF(CT39=1,SUMPRODUCT(($CT$17:$CT$43=1)*('Item Purchases'!$AQ$4:$AQ$30<'Item Purchases'!$AQ26))+SUMPRODUCT(($CT$17:$CT39=1)*('Item Purchases'!$AQ$4:$AQ26='Item Purchases'!$AQ26)),"") -> 3 | CV39: =IF($DT39="","",7) -> 7 | CW39: =IF($DT39="","",INDEX($BM$17:$BM$43,$DT39)) -> Munchy Oat Krunch - Strawberry & Blackcurrant | DA39: =IF($DT39="","",INDEX($BO$17:$BO$43,$DT39)) -> 0 | DC39: =IF($DT39="","",INDEX($BP$17:$BP$43,$DT39)) -> 37 | DE39: =IF($DT39="","",INDEX($BQ$17:$BQ$43,$DT39)) -> 8.2727273 | DG39: =IF($DT39="","",INDEX($BR$17:$BR$43,$DT39)) -> 0 | DI39: =IF($DT39="","",INDEX($BS$17:$BS$43,$DT39)) -> 4.4725275 | DK39: =IF($DT39="","",INDEX($CC$17:$CC$43,$DT39)) -> 210 | DM39: =IF($DT39="","",INDEX($BV$17:$BV$43,$DT39)) -> 210 | DO39: =IF($DT39="","",INDEX($BW$17:$BW$43,$DT39)) -> 0 | DQ39: =IF($DT39="","",INDEX($BX$17:$BX$43,$DT39)) -> EMPTY - ORDER NOW | DT39: =IFERROR(MATCH(7,$BY$17:$BY$43,0),"") -> 11
B40: 8 | C40: =IF($Z40="","",INDEX('Item Purchases'!$B$4:$B$30,$Z40)) -> Munchy Oat Krunch - Strawberry & Blackcurrant | G40: =IF($Z40="","",INDEX('Item Purchases'!$AC$4:$AC$30,$Z40)) -> C | H40: =IF($Z40="","",INDEX('Item Purchases'!$M$4:$M$30,$Z40)) -> LOW | J40: =IF($Z40="","",INDEX('Item Purchases'!$F$4:$F$30,$Z40)) -> 37 | K40: =IF($Z40="","",INDEX('Item Purchases'!$G$4:$G$30,$Z40)) -> 4.4725275 | L40: =IF($Z40="","",INDEX('Item Purchases'!$I$4:$I$30,$Z40)) -> 46301 | N40: =IF($Z40="","",INDEX('Item Purchases'!$O$4:$O$30,$Z40)) -> 11 | O40: =IF($Z40="","",INDEX('Item Purchases'!$P$4:$P$30,$Z40)) -> 165 | P40: =IF($Z40="","",INDEX('Item Purchases'!$R$4:$R$30,$Z40)) -> 120.45 | R40: =IFERROR(INDEX('Storehouse Replenishment Schedu'!$B$4:$B$30,MATCH(2,'Item Purchases'!$AL$4:$AL$30,0)),"") | V40: =IFERROR(INDEX('Storehouse Replenishment Schedu'!$CR$4:$CR$30,MATCH(2,'Item Purchases'!$AL$4:$AL$30,0)),"") | X40: =IFERROR(INDEX('Storehouse Replenishment Schedu'!$CT$4:$CT$30,MATCH(2,'Item Purchases'!$AL$4:$AL$30,0)),"") | Z40: =IFERROR(MATCH($B40,'Item Purchases'!$X$4:$X$30,0),"") -> 11 | AB40: =IF($C34="","",LEFT($C34,28)&IF($H34="OUT OF STOCK"," (OUT)","")) -> NV OATS & DARK CHOC 42GX5 (OUT) | AC40: =IF(OR($H34="OUT OF STOCK",$H34="CRITICAL"),$K34,0) -> 0 | AD40: =IF($H34="LOW",$K34,0) -> 0 | AE40: =IF($H34="WATCH",$K34,0) -> 0 | AF40: =IF($H34="HEALTHY",$K34,0) -> 0 | AH40: =IF(AJ40="","",TEXT(AJ40,"dd mmm")) | AI40: =IF(AJ40="","",SUMIFS('Daily Data'!$I$2:$I$1000,'Daily Data'!$A$2:$A$1000,AJ40,'Daily Data'!$M$2:$M$1000,1)) | AJ40: ='Daily Data'!$R$26 | AK40: =IF(AJ40="","",COUNTIFS('Daily Data'!$A$2:$A$1000,AJ40,'Daily Data'!$M$2:$M$1000,1,'Daily Data'!$L$2:$L$1000,1)) | AP40: =IF('Item Purchases'!$B$27="","",'Item Purchases'!$B$27) -> FN 100 plus (original) 325ml | AQ40: =IF(AP40="","",SUMIFS('Daily Data'!$I$2:$I$1000,'Daily Data'!$E$2:$E$1000,AP40,'Daily Data'!$M$2:$M$1000,1)) -> 205 | AR40: =IF(AP40="","",SUMPRODUCT(ISNUMBER($AQ$17:$AQ$43)*($AQ$17:$AQ$43>AQ40))+SUMPRODUCT(ISNUMBER($AQ$17:AQ40)*($AQ$17:AQ40=AQ40))) -> 12 | AT40: =AP40 -> FN 100 plus (original) 325ml | AU40: =IF(AT40="","",SUMIFS('Daily Data'!$K$2:$K$1000,'Daily Data'!$E$2:$E$1000,AT40,'Daily Data'!$M$2:$M$1000,1)) -> 323.9 | AV40: =IF(OR(AT40="",N(AU40)<=0),"",SUMPRODUCT(ISNUMBER($AU$17:$AU$43)*($AU$17:$AU$43>AU40))+SUMPRODUCT(ISNUMBER($AU$17:AU40)*($AU$17:AU40=AU40))) -> 12 | AW40: =IF(AV40="","",AU40/$AU$45) -> 0.031476596 | AX40: =IF(AV40="","",SUMIFS($AU$17:$AU$43,$AV$17:$AV$43,"<"&AV40)/$AU$45) -> 0.80748286 | AY40: =IF(AT40="","",IF(AV40="","-",IF(AX40<'Item Purchases'!$E$49,"A",IF(AX40<'Item Purchases'!$E$50,"B","C")))) -> B | BM40: =IF('Item Purchases'!$B27="","",'Item Purchases'!$B27) -> FN 100 plus (original) 325ml | BN40: =IF(AND(BM40<>"",'Item Purchases'!$W27=1,'Item Purchases'!$AN27<>"Discontinued",N('Item Purchases'!$C27)>0),1,0) -> 1 | BO40: =N('Storehouse Replenishment Schedu'!$CR27) -> 72 | BP40: =N('Item Purchases'!$E27) -> 56 | BQ40: =N('Item Purchases'!$C27) -> 9.3181818 | BR40: =IF(BN40=1,BO40/BQ40,"") -> 7.7268293 | BS40: =IF(BN40=1,(BO40+BP40)/BQ40,"") -> 13.736585 | BT40: =IF(BN40=1,BP40/BQ40,"") -> 6.0097561 | BU40: =N('Storehouse Replenishment Schedu'!$CP27) -> 216 | BV40: =IF(BM40="",0,SUMIFS('Daily Data'!$G$2:$G$1000,'Daily Data'!$E$2:$E$1000,BM40)) -> 216 | BW40: =CC40-BV40 -> 0 | BX40: =IF(BN40<>1,"",IF(BO40<=0,IF(BT40<='Item Purchases'!$E$38,"EMPTY - ORDER NOW","EMPTY - PLAN ORDER"),IF(BR40<='Item Purchases'!$E$51,"ORDER NOW",IF(BT40<='Item Purchases'!$E$38,"TRANSFER TO PANTRY",IF(BR40<='Item Purchases'!$E$39,"WATCH","OK"))))) -> TRANSFER TO PANTRY | BY40: =IF(BN40=1,SUMPRODUCT(($BN$17:$BN$43=1)*(($BR$17:$BR$43<BR40)+($BR$17:$BR$43=BR40)*($BT$17:$BT$43<BT40)))+SUMPRODUCT(($BN$17:$BN40=1)*($BR$17:$BR40=BR40)*($BT$17:$BT40=BT40)),"") -> 18 | BZ40: =IF(CA40>0,COUNTIF($CA$17:$CA$43,">"&CA40)+COUNTIF($CA$17:CA40,CA40),"") | CA40: =IF(AND(BM40<>"",'Item Purchases'!$W27=1),ABS(BW40)*1000+CB40,0) -> 0 | CB40: =N('Storehouse Replenishment Schedu'!$CX27) -> 0 | CC40: =BU40-CB40 -> 216 | CD40: =IF('Storehouse Replenishment Schedu'!$CY27="","",'Storehouse Replenishment Schedu'!$CY27) | CG40: =INDEX('Storehouse Replenishment Schedu'!$D$2:$CO$2,1,70) -> 46289 | CH40: =IF(CG40="","",TEXT(CG40,"dd mmm")) -> 24 Sep | CI40: =SUMPRODUCT(INDEX('Storehouse Replenishment Schedu'!$D$4:$CO$30,0,70)*('Item Purchases'!$W$4:$W$30=1)) -> 312 | CJ40: =SUMPRODUCT(INDEX('Storehouse Replenishment Schedu'!$D$4:$CO$30,0,71)*('Item Purchases'!$W$4:$W$30=1)) -> 72 | CK40: =IF(CG40="",0,SUMIFS('Daily Data'!$G$2:$G$1000,'Daily Data'!$A$2:$A$1000,CG40)) -> 312 | CL40: =SUMPRODUCT(INDEX('Storehouse Replenishment Schedu'!$D$4:$CO$30,0,70))-CK40 -> 0 | CM40: =ABS(CL40) -> 0 | CT40: =IF(AND(BM40<>"",'Item Purchases'!$W27=1,ISNUMBER('Item Purchases'!$AQ27),'Item Purchases'!$AS27<>"DISCONTINUED",'Item Purchases'!$AS27<>"NEED MORE DATA"),1,0) -> 1 | CU40: =IF(CT40=1,SUMPRODUCT(($CT$17:$CT$43=1)*('Item Purchases'!$AQ$4:$AQ$30<'Item Purchases'!$AQ27))+SUMPRODUCT(($CT$17:$CT40=1)*('Item Purchases'!$AQ$4:$AQ27='Item Purchases'!$AQ27)),"") -> 11 | CV40: =IF($DT40="","",8) -> 8 | CW40: =IF($DT40="","",INDEX($BM$17:$BM$43,$DT40)) -> Oat Side Original 200ml | DA40: =IF($DT40="","",INDEX($BO$17:$BO$43,$DT40)) -> 0 | DC40: =IF($DT40="","",INDEX($BP$17:$BP$43,$DT40)) -> 63 | DE40: =IF($DT40="","",INDEX($BQ$17:$BQ$43,$DT40)) -> 13.5 | DG40: =IF($DT40="","",INDEX($BR$17:$BR$43,$DT40)) -> 0 | DI40: =IF($DT40="","",INDEX($BS$17:$BS$43,$DT40)) -> 4.6666667 | DK40: =IF($DT40="","",INDEX($CC$17:$CC$43,$DT40)) -> 336 | DM40: =IF($DT40="","",INDEX($BV$17:$BV$43,$DT40)) -> 336 | DO40: =IF($DT40="","",INDEX($BW$17:$BW$43,$DT40)) -> 0 | DQ40: =IF($DT40="","",INDEX($BX$17:$BX$43,$DT40)) -> EMPTY - ORDER NOW | DT40: =IFERROR(MATCH(8,$BY$17:$BY$43,0),"") -> 26
B41: 9 | C41: =IF($Z41="","",INDEX('Item Purchases'!$B$4:$B$30,$Z41)) -> Oat Side Original 200ml | G41: =IF($Z41="","",INDEX('Item Purchases'!$AC$4:$AC$30,$Z41)) -> A | H41: =IF($Z41="","",INDEX('Item Purchases'!$M$4:$M$30,$Z41)) -> LOW | J41: =IF($Z41="","",INDEX('Item Purchases'!$F$4:$F$30,$Z41)) -> 63 | K41: =IF($Z41="","",INDEX('Item Purchases'!$G$4:$G$30,$Z41)) -> 4.6666667 | L41: =IF($Z41="","",INDEX('Item Purchases'!$I$4:$I$30,$Z41)) -> 46301 | N41: =IF($Z41="","",INDEX('Item Purchases'!$O$4:$O$30,$Z41)) -> 11 | O41: =IF($Z41="","",INDEX('Item Purchases'!$P$4:$P$30,$Z41)) -> 264 | P41: =IF($Z41="","",INDEX('Item Purchases'!$R$4:$R$30,$Z41)) -> 792 | R41: =IFERROR(INDEX('Storehouse Replenishment Schedu'!$B$4:$B$30,MATCH(3,'Item Purchases'!$AL$4:$AL$30,0)),"") | V41: =IFERROR(INDEX('Storehouse Replenishment Schedu'!$CR$4:$CR$30,MATCH(3,'Item Purchases'!$AL$4:$AL$30,0)),"") | X41: =IFERROR(INDEX('Storehouse Replenishment Schedu'!$CT$4:$CT$30,MATCH(3,'Item Purchases'!$AL$4:$AL$30,0)),"") | Z41: =IFERROR(MATCH($B41,'Item Purchases'!$X$4:$X$30,0),"") -> 26 | AB41: =IF($C35="","",LEFT($C35,28)&IF($H35="OUT OF STOCK"," (OUT)","")) -> Oat Side Chocolate 200ml | AC41: =IF(OR($H35="OUT OF STOCK",$H35="CRITICAL"),$K35,0) -> 0.94255875 | AD41: =IF($H35="LOW",$K35,0) -> 0 | AE41: =IF($H35="WATCH",$K35,0) -> 0 | AF41: =IF($H35="HEALTHY",$K35,0) -> 0 | AH41: =IF(AJ41="","",TEXT(AJ41,"dd mmm")) | AI41: =IF(AJ41="","",SUMIFS('Daily Data'!$I$2:$I$1000,'Daily Data'!$A$2:$A$1000,AJ41,'Daily Data'!$M$2:$M$1000,1)) | AJ41: ='Daily Data'!$R$27 | AK41: =IF(AJ41="","",COUNTIFS('Daily Data'!$A$2:$A$1000,AJ41,'Daily Data'!$M$2:$M$1000,1,'Daily Data'!$L$2:$L$1000,1)) | AP41: =IF('Item Purchases'!$B$28="","",'Item Purchases'!$B$28) -> Spritzer sparkling water (original) 400ml | AQ41: =IF(AP41="","",SUMIFS('Daily Data'!$I$2:$I$1000,'Daily Data'!$E$2:$E$1000,AP41,'Daily Data'!$M$2:$M$1000,1)) -> 528 | AR41: =IF(AP41="","",SUMPRODUCT(ISNUMBER($AQ$17:$AQ$43)*($AQ$17:$AQ$43>AQ41))+SUMPRODUCT(ISNUMBER($AQ$17:AQ41)*($AQ$17:AQ41=AQ41))) -> 1 | AT41: =AP41 -> Spritzer sparkling water (original) 400ml | AU41: =IF(AT41="","",SUMIFS('Daily Data'!$K$2:$K$1000,'Daily Data'!$E$2:$E$1000,AT41,'Daily Data'!$M$2:$M$1000,1)) -> 853.6 | AV41: =IF(OR(AT41="",N(AU41)<=0),"",SUMPRODUCT(ISNUMBER($AU$17:$AU$43)*($AU$17:$AU$43>AU41))+SUMPRODUCT(ISNUMBER($AU$17:AU41)*($AU$17:AU41=AU41))) -> 5 | AW41: =IF(AV41="","",AU41/$AU$45) -> 0.082952833 | AX41: =IF(AV41="","",SUMIFS($AU$17:$AU$43,$AV$17:$AV$43,"<"&AV41)/$AU$45) -> 0.44197456 | AY41: =IF(AT41="","",IF(AV41="","-",IF(AX41<'Item Purchases'!$E$49,"A",IF(AX41<'Item Purchases'!$E$50,"B","C")))) -> A | BM41: =IF('Item Purchases'!$B28="","",'Item Purchases'!$B28) -> Spritzer sparkling water (original) 400ml | BN41: =IF(AND(BM41<>"",'Item Purchases'!$W28=1,'Item Purchases'!$AN28<>"Discontinued",N('Item Purchases'!$C28)>0),1,0) -> 1 | BO41: =N('Storehouse Replenishment Schedu'!$CR28) -> 264 | BP41: =N('Item Purchases'!$E28) -> 48 | BQ41: =N('Item Purchases'!$C28) -> 24 | BR41: =IF(BN41=1,BO41/BQ41,"") -> 11 | BS41: =IF(BN41=1,(BO41+BP41)/BQ41,"") -> 13 | BT41: =IF(BN41=1,BP41/BQ41,"") -> 2 | BU41: =N('Storehouse Replenishment Schedu'!$CP28) -> 552 | BV41: =IF(BM41="",0,SUMIFS('Daily Data'!$G$2:$G$1000,'Daily Data'!$E$2:$E$1000,BM41)) -> 552 | BW41: =CC41-BV41 -> 0 | BX41: =IF(BN41<>1,"",IF(BO41<=0,IF(BT41<='Item Purchases'!$E$38,"EMPTY - ORDER NOW","EMPTY - PLAN ORDER"),IF(BR41<='Item Purchases'!$E$51,"ORDER NOW",IF(BT41<='Item Purchases'!$E$38,"TRANSFER TO PANTRY",IF(BR41<='Item Purchases'!$E$39,"WATCH","OK"))))) -> TRANSFER TO PANTRY | BY41: =IF(BN41=1,SUMPRODUCT(($BN$17:$BN$43=1)*(($BR$17:$BR$43<BR41)+($BR$17:$BR$43=BR41)*($BT$17:$BT$43<BT41)))+SUMPRODUCT(($BN$17:$BN41=1)*($BR$17:$BR41=BR41)*($BT$17:$BT41=BT41)),"") -> 20 | BZ41: =IF(CA41>0,COUNTIF($CA$17:$CA$43,">"&CA41)+COUNTIF($CA$17:CA41,CA41),"") | CA41: =IF(AND(BM41<>"",'Item Purchases'!$W28=1),ABS(BW41)*1000+CB41,0) -> 0 | CB41: =N('Storehouse Replenishment Schedu'!$CX28) -> 0 | CC41: =BU41-CB41 -> 552 | CD41: =IF('Storehouse Replenishment Schedu'!$CY28="","",'Storehouse Replenishment Schedu'!$CY28) | CG41: =INDEX('Storehouse Replenishment Schedu'!$D$2:$CO$2,1,73) -> 46290 | CH41: =IF(CG41="","",TEXT(CG41,"dd mmm")) -> 25 Sep | CI41: =SUMPRODUCT(INDEX('Storehouse Replenishment Schedu'!$D$4:$CO$30,0,73)*('Item Purchases'!$W$4:$W$30=1)) -> 145 | CJ41: =SUMPRODUCT(INDEX('Storehouse Replenishment Schedu'!$D$4:$CO$30,0,74)*('Item Purchases'!$W$4:$W$30=1)) -> 0 | CK41: =IF(CG41="",0,SUMIFS('Daily Data'!$G$2:$G$1000,'Daily Data'!$A$2:$A$1000,CG41)) -> 145 | CL41: =SUMPRODUCT(INDEX('Storehouse Replenishment Schedu'!$D$4:$CO$30,0,73))-CK41 -> 0 | CM41: =ABS(CL41) -> 0 | CT41: =IF(AND(BM41<>"",'Item Purchases'!$W28=1,ISNUMBER('Item Purchases'!$AQ28),'Item Purchases'!$AS28<>"DISCONTINUED",'Item Purchases'!$AS28<>"NEED MORE DATA"),1,0) -> 1 | CU41: =IF(CT41=1,SUMPRODUCT(($CT$17:$CT$43=1)*('Item Purchases'!$AQ$4:$AQ$30<'Item Purchases'!$AQ28))+SUMPRODUCT(($CT$17:$CT41=1)*('Item Purchases'!$AQ$4:$AQ28='Item Purchases'!$AQ28)),"") -> 23 | CV41: =IF($DT41="","",9) -> 9 | CW41: =IF($DT41="","",INDEX($BM$17:$BM$43,$DT41)) -> Lays Potato Chips (Original) 50g | DA41: =IF($DT41="","",INDEX($BO$17:$BO$43,$DT41)) -> 0 | DC41: =IF($DT41="","",INDEX($BP$17:$BP$43,$DT41)) -> 20 | DE41: =IF($DT41="","",INDEX($BQ$17:$BQ$43,$DT41)) -> 3.8636364 | DG41: =IF($DT41="","",INDEX($BR$17:$BR$43,$DT41)) -> 0 | DI41: =IF($DT41="","",INDEX($BS$17:$BS$43,$DT41)) -> 5.1764706 | DK41: =IF($DT41="","",INDEX($CC$17:$CC$43,$DT41)) -> 72 | DM41: =IF($DT41="","",INDEX($BV$17:$BV$43,$DT41)) -> 72 | DO41: =IF($DT41="","",INDEX($BW$17:$BW$43,$DT41)) -> 0 | DQ41: =IF($DT41="","",INDEX($BX$17:$BX$43,$DT41)) -> EMPTY - ORDER NOW | DT41: =IFERROR(MATCH(9,$BY$17:$BY$43,0),"") -> 8
B42: 10 | C42: =IF($Z42="","",INDEX('Item Purchases'!$B$4:$B$30,$Z42)) -> Lays Potato Chips (Original) 50g | G42: =IF($Z42="","",INDEX('Item Purchases'!$AC$4:$AC$30,$Z42)) -> B | H42: =IF($Z42="","",INDEX('Item Purchases'!$M$4:$M$30,$Z42)) -> LOW | J42: =IF($Z42="","",INDEX('Item Purchases'!$F$4:$F$30,$Z42)) -> 20 | K42: =IF($Z42="","",INDEX('Item Purchases'!$G$4:$G$30,$Z42)) -> 5.1764706 | L42: =IF($Z42="","",INDEX('Item Purchases'!$I$4:$I$30,$Z42)) -> 46302 | N42: =IF($Z42="","",INDEX('Item Purchases'!$O$4:$O$30,$Z42)) -> 3 | O42: =IF($Z42="","",INDEX('Item Purchases'!$P$4:$P$30,$Z42)) -> 72 | P42: =IF($Z42="","",INDEX('Item Purchases'!$R$4:$R$30,$Z42)) -> 248.976 | R42: =IFERROR(INDEX('Storehouse Replenishment Schedu'!$B$4:$B$30,MATCH(4,'Item Purchases'!$AL$4:$AL$30,0)),"") | V42: =IFERROR(INDEX('Storehouse Replenishment Schedu'!$CR$4:$CR$30,MATCH(4,'Item Purchases'!$AL$4:$AL$30,0)),"") | X42: =IFERROR(INDEX('Storehouse Replenishment Schedu'!$CT$4:$CT$30,MATCH(4,'Item Purchases'!$AL$4:$AL$30,0)),"") | Z42: =IFERROR(MATCH($B42,'Item Purchases'!$X$4:$X$30,0),"") -> 8 | AB42: =IF($C36="","",LEFT($C36,28)&IF($H36="OUT OF STOCK"," (OUT)","")) -> Vsoy Soya Bean 250ml | AC42: =IF(OR($H36="OUT OF STOCK",$H36="CRITICAL"),$K36,0) -> 1.6937269 | AD42: =IF($H36="LOW",$K36,0) -> 0 | AE42: =IF($H36="WATCH",$K36,0) -> 0 | AF42: =IF($H36="HEALTHY",$K36,0) -> 0 | AP42: =IF('Item Purchases'!$B$29="","",'Item Purchases'!$B$29) -> Oat Side Original 200ml | AQ42: =IF(AP42="","",SUMIFS('Daily Data'!$I$2:$I$1000,'Daily Data'!$E$2:$E$1000,AP42,'Daily Data'!$M$2:$M$1000,1)) -> 297 | AR42: =IF(AP42="","",SUMPRODUCT(ISNUMBER($AQ$17:$AQ$43)*($AQ$17:$AQ$43>AQ42))+SUMPRODUCT(ISNUMBER($AQ$17:AQ42)*($AQ$17:AQ42=AQ42))) -> 8 | AT42: =AP42 -> Oat Side Original 200ml | AU42: =IF(AT42="","",SUMIFS('Daily Data'!$K$2:$K$1000,'Daily Data'!$E$2:$E$1000,AT42,'Daily Data'!$M$2:$M$1000,1)) -> 891 | AV42: =IF(OR(AT42="",N(AU42)<=0),"",SUMPRODUCT(ISNUMBER($AU$17:$AU$43)*($AU$17:$AU$43>AU42))+SUMPRODUCT(ISNUMBER($AU$17:AU42)*($AU$17:AU42=AU42))) -> 4 | AW42: =IF(AV42="","",AU42/$AU$45) -> 0.086587365 | AX42: =IF(AV42="","",SUMIFS($AU$17:$AU$43,$AV$17:$AV$43,"<"&AV42)/$AU$45) -> 0.3553872 | AY42: =IF(AT42="","",IF(AV42="","-",IF(AX42<'Item Purchases'!$E$49,"A",IF(AX42<'Item Purchases'!$E$50,"B","C")))) -> A | BM42: =IF('Item Purchases'!$B29="","",'Item Purchases'!$B29) -> Oat Side Original 200ml | BN42: =IF(AND(BM42<>"",'Item Purchases'!$W29=1,'Item Purchases'!$AN29<>"Discontinued",N('Item Purchases'!$C29)>0),1,0) -> 1 | BO42: =N('Storehouse Replenishment Schedu'!$CR29) -> 0 | BP42: =N('Item Purchases'!$E29) -> 63 | BQ42: =N('Item Purchases'!$C29) -> 13.5 | BR42: =IF(BN42=1,BO42/BQ42,"") -> 0 | BS42: =IF(BN42=1,(BO42+BP42)/BQ42,"") -> 4.6666667 | BT42: =IF(BN42=1,BP42/BQ42,"") -> 4.6666667 | BU42: =N('Storehouse Replenishment Schedu'!$CP29) -> 336 | BV42: =IF(BM42="",0,SUMIFS('Daily Data'!$G$2:$G$1000,'Daily Data'!$E$2:$E$1000,BM42)) -> 336 | BW42: =CC42-BV42 -> 0 | BX42: =IF(BN42<>1,"",IF(BO42<=0,IF(BT42<='Item Purchases'!$E$38,"EMPTY - ORDER NOW","EMPTY - PLAN ORDER"),IF(BR42<='Item Purchases'!$E$51,"ORDER NOW",IF(BT42<='Item Purchases'!$E$38,"TRANSFER TO PANTRY",IF(BR42<='Item Purchases'!$E$39,"WATCH","OK"))))) -> EMPTY - ORDER NOW | BY42: =IF(BN42=1,SUMPRODUCT(($BN$17:$BN$43=1)*(($BR$17:$BR$43<BR42)+($BR$17:$BR$43=BR42)*($BT$17:$BT$43<BT42)))+SUMPRODUCT(($BN$17:$BN42=1)*($BR$17:$BR42=BR42)*($BT$17:$BT42=BT42)),"") -> 8 | BZ42: =IF(CA42>0,COUNTIF($CA$17:$CA$43,">"&CA42)+COUNTIF($CA$17:CA42,CA42),"") | CA42: =IF(AND(BM42<>"",'Item Purchases'!$W29=1),ABS(BW42)*1000+CB42,0) -> 0 | CB42: =N('Storehouse Replenishment Schedu'!$CX29) -> 0 | CC42: =BU42-CB42 -> 336 | CD42: =IF('Storehouse Replenishment Schedu'!$CY29="","",'Storehouse Replenishment Schedu'!$CY29) | CG42: =INDEX('Storehouse Replenishment Schedu'!$D$2:$CO$2,1,76) -> 46291 | CH42: =IF(CG42="","",TEXT(CG42,"dd mmm")) -> 26 Sep | CI42: =SUMPRODUCT(INDEX('Storehouse Replenishment Schedu'!$D$4:$CO$30,0,76)*('Item Purchases'!$W$4:$W$30=1)) -> 0 | CJ42: =SUMPRODUCT(INDEX('Storehouse Replenishment Schedu'!$D$4:$CO$30,0,77)*('Item Purchases'!$W$4:$W$30=1)) -> 0 | CK42: =IF(CG42="",0,SUMIFS('Daily Data'!$G$2:$G$1000,'Daily Data'!$A$2:$A$1000,CG42)) -> 0 | CL42: =SUMPRODUCT(INDEX('Storehouse Replenishment Schedu'!$D$4:$CO$30,0,76))-CK42 -> 0 | CM42: =ABS(CL42) -> 0 | CT42: =IF(AND(BM42<>"",'Item Purchases'!$W29=1,ISNUMBER('Item Purchases'!$AQ29),'Item Purchases'!$AS29<>"DISCONTINUED",'Item Purchases'!$AS29<>"NEED MORE DATA"),1,0) -> 1 | CU42: =IF(CT42=1,SUMPRODUCT(($CT$17:$CT$43=1)*('Item Purchases'!$AQ$4:$AQ$30<'Item Purchases'!$AQ29))+SUMPRODUCT(($CT$17:$CT42=1)*('Item Purchases'!$AQ$4:$AQ29='Item Purchases'!$AQ29)),"") -> 15 | CV42: =IF($DT42="","",10) -> 10 | CW42: =IF($DT42="","",INDEX($BM$17:$BM$43,$DT42)) -> BingRae Banana Milk 200ml | DA42: =IF($DT42="","",INDEX($BO$17:$BO$43,$DT42)) -> 0 | DC42: =IF($DT42="","",INDEX($BP$17:$BP$43,$DT42)) -> 44 | DE42: =IF($DT42="","",INDEX($BQ$17:$BQ$43,$DT42)) -> 7.6875 | DG42: =IF($DT42="","",INDEX($BR$17:$BR$43,$DT42)) -> 0 | DI42: =IF($DT42="","",INDEX($BS$17:$BS$43,$DT42)) -> 5.7235772 | DK42: =IF($DT42="","",INDEX($CC$17:$CC$43,$DT42)) -> 144 | DM42: =IF($DT42="","",INDEX($BV$17:$BV$43,$DT42)) -> 144 | DO42: =IF($DT42="","",INDEX($BW$17:$BW$43,$DT42)) -> 0 | DQ42: =IF($DT42="","",INDEX($BX$17:$BX$43,$DT42)) -> EMPTY - ORDER NOW | DT42: =IFERROR(MATCH(10,$BY$17:$BY$43,0),"") -> 22
R43: =IFERROR(INDEX('Storehouse Replenishment Schedu'!$B$4:$B$30,MATCH(5,'Item Purchases'!$AL$4:$AL$30,0)),"") | V43: =IFERROR(INDEX('Storehouse Replenishment Schedu'!$CR$4:$CR$30,MATCH(5,'Item Purchases'!$AL$4:$AL$30,0)),"") | X43: =IFERROR(INDEX('Storehouse Replenishment Schedu'!$CT$4:$CT$30,MATCH(5,'Item Purchases'!$AL$4:$AL$30,0)),"") | AB43: =IF($C37="","",LEFT($C37,28)&IF($H37="OUT OF STOCK"," (OUT)","")) -> Ayataka Tea 300ml | AC43: =IF(OR($H37="OUT OF STOCK",$H37="CRITICAL"),$K37,0) -> 2.7149877 | AD43: =IF($H37="LOW",$K37,0) -> 0 | AE43: =IF($H37="WATCH",$K37,0) -> 0 | AF43: =IF($H37="HEALTHY",$K37,0) -> 0 | AP43: =IF('Item Purchases'!$B$30="","",'Item Purchases'!$B$30) -> Oat Side Chocolate 200ml | AQ43: =IF(AP43="","",SUMIFS('Daily Data'!$I$2:$I$1000,'Daily Data'!$E$2:$E$1000,AP43,'Daily Data'!$M$2:$M$1000,1)) -> 383 | AR43: =IF(AP43="","",SUMPRODUCT(ISNUMBER($AQ$17:$AQ$43)*($AQ$17:$AQ$43>AQ43))+SUMPRODUCT(ISNUMBER($AQ$17:AQ43)*($AQ$17:AQ43=AQ43))) -> 4 | AT43: =AP43 -> Oat Side Chocolate 200ml | AU43: =IF(AT43="","",SUMIFS('Daily Data'!$K$2:$K$1000,'Daily Data'!$E$2:$E$1000,AT43,'Daily Data'!$M$2:$M$1000,1)) -> 1149 | AV43: =IF(OR(AT43="",N(AU43)<=0),"",SUMPRODUCT(ISNUMBER($AU$17:$AU$43)*($AU$17:$AU$43>AU43))+SUMPRODUCT(ISNUMBER($AU$17:AU43)*($AU$17:AU43=AU43))) -> 3 | AW43: =IF(AV43="","",AU43/$AU$45) -> 0.1116598 | AX43: =IF(AV43="","",SUMIFS($AU$17:$AU$43,$AV$17:$AV$43,"<"&AV43)/$AU$45) -> 0.2437274 | AY43: =IF(AT43="","",IF(AV43="","-",IF(AX43<'Item Purchases'!$E$49,"A",IF(AX43<'Item Purchases'!$E$50,"B","C")))) -> A | BM43: =IF('Item Purchases'!$B30="","",'Item Purchases'!$B30) -> Oat Side Chocolate 200ml | BN43: =IF(AND(BM43<>"",'Item Purchases'!$W30=1,'Item Purchases'!$AN30<>"Discontinued",N('Item Purchases'!$C30)>0),1,0) -> 1 | BO43: =N('Storehouse Replenishment Schedu'!$CR30) -> 0 | BP43: =N('Item Purchases'!$E30) -> 19 | BQ43: =N('Item Purchases'!$C30) -> 20.157895 | BR43: =IF(BN43=1,BO43/BQ43,"") -> 0 | BS43: =IF(BN43=1,(BO43+BP43)/BQ43,"") -> 0.94255875 | BT43: =IF(BN43=1,BP43/BQ43,"") -> 0.94255875 | BU43: =N('Storehouse Replenishment Schedu'!$CP30) -> 378 | BV43: =IF(BM43="",0,SUMIFS('Daily Data'!$G$2:$G$1000,'Daily Data'!$E$2:$E$1000,BM43)) -> 378 | BW43: =CC43-BV43 -> 0 | BX43: =IF(BN43<>1,"",IF(BO43<=0,IF(BT43<='Item Purchases'!$E$38,"EMPTY - ORDER NOW","EMPTY - PLAN ORDER"),IF(BR43<='Item Purchases'!$E$51,"ORDER NOW",IF(BT43<='Item Purchases'!$E$38,"TRANSFER TO PANTRY",IF(BR43<='Item Purchases'!$E$39,"WATCH","OK"))))) -> EMPTY - ORDER NOW | BY43: =IF(BN43=1,SUMPRODUCT(($BN$17:$BN$43=1)*(($BR$17:$BR$43<BR43)+($BR$17:$BR$43=BR43)*($BT$17:$BT$43<BT43)))+SUMPRODUCT(($BN$17:$BN43=1)*($BR$17:$BR43=BR43)*($BT$17:$BT43=BT43)),"") -> 3 | BZ43: =IF(CA43>0,COUNTIF($CA$17:$CA$43,">"&CA43)+COUNTIF($CA$17:CA43,CA43),"") | CA43: =IF(AND(BM43<>"",'Item Purchases'!$W30=1),ABS(BW43)*1000+CB43,0) -> 0 | CB43: =N('Storehouse Replenishment Schedu'!$CX30) -> 0 | CC43: =BU43-CB43 -> 378 | CD43: =IF('Storehouse Replenishment Schedu'!$CY30="","",'Storehouse Replenishment Schedu'!$CY30) | CG43: =INDEX('Storehouse Replenishment Schedu'!$D$2:$CO$2,1,79) -> 46292 | CH43: =IF(CG43="","",TEXT(CG43,"dd mmm")) -> 27 Sep | CI43: =SUMPRODUCT(INDEX('Storehouse Replenishment Schedu'!$D$4:$CO$30,0,79)*('Item Purchases'!$W$4:$W$30=1)) -> 0 | CJ43: =SUMPRODUCT(INDEX('Storehouse Replenishment Schedu'!$D$4:$CO$30,0,80)*('Item Purchases'!$W$4:$W$30=1)) -> 0 | CK43: =IF(CG43="",0,SUMIFS('Daily Data'!$G$2:$G$1000,'Daily Data'!$A$2:$A$1000,CG43)) -> 0 | CL43: =SUMPRODUCT(INDEX('Storehouse Replenishment Schedu'!$D$4:$CO$30,0,79))-CK43 -> 0 | CM43: =ABS(CL43) -> 0 | CT43: =IF(AND(BM43<>"",'Item Purchases'!$W30=1,ISNUMBER('Item Purchases'!$AQ30),'Item Purchases'!$AS30<>"DISCONTINUED",'Item Purchases'!$AS30<>"NEED MORE DATA"),1,0) -> 1 | CU43: =IF(CT43=1,SUMPRODUCT(($CT$17:$CT$43=1)*('Item Purchases'!$AQ$4:$AQ$30<'Item Purchases'!$AQ30))+SUMPRODUCT(($CT$17:$CT43=1)*('Item Purchases'!$AQ$4:$AQ30='Item Purchases'!$AQ30)),"") -> 19 | CV43: ="Cover = storehouse stock / average pantry use per day. EMPTY = nothing left in the storehouse. ORDER NOW = storehouse cover is shorter than the "&'Item Purchases'!$E$51&"-day lead time." -> Cover = storehouse stock / average pantry use per day. EMPTY = nothing left in the storehouse. ORDER NOW = storehouse cover is shorter than the 5-day lead time.
B44: ABC = importance by consumption value (set the cut-offs on 'Item Purchases' E49:E50). Days of cover = stock remaining ÷ average consumption per day. | R44: =IFERROR(INDEX('Storehouse Replenishment Schedu'!$B$4:$B$30,MATCH(6,'Item Purchases'!$AL$4:$AL$30,0)),"") | V44: =IFERROR(INDEX('Storehouse Replenishment Schedu'!$CR$4:$CR$30,MATCH(6,'Item Purchases'!$AL$4:$AL$30,0)),"") | X44: =IFERROR(INDEX('Storehouse Replenishment Schedu'!$CT$4:$CT$30,MATCH(6,'Item Purchases'!$AL$4:$AL$30,0)),"") | AB44: =IF($C38="","",LEFT($C38,28)&IF($H38="OUT OF STOCK"," (OUT)","")) -> Munchy Oat Krunch - Dark Cho | AC44: =IF(OR($H38="OUT OF STOCK",$H38="CRITICAL"),$K38,0) -> 2.8421053 | AD44: =IF($H38="LOW",$K38,0) -> 0 | AE44: =IF($H38="WATCH",$K38,0) -> 0 | AF44: =IF($H38="HEALTHY",$K38,0) -> 0 | CG44: =INDEX('Storehouse Replenishment Schedu'!$D$2:$CO$2,1,82) -> 46293 | CH44: =IF(CG44="","",TEXT(CG44,"dd mmm")) -> 28 Sep | CI44: =SUMPRODUCT(INDEX('Storehouse Replenishment Schedu'!$D$4:$CO$30,0,82)*('Item Purchases'!$W$4:$W$30=1)) -> 596 | CJ44: =SUMPRODUCT(INDEX('Storehouse Replenishment Schedu'!$D$4:$CO$30,0,83)*('Item Purchases'!$W$4:$W$30=1)) -> 1096 | CK44: =IF(CG44="",0,SUMIFS('Daily Data'!$G$2:$G$1000,'Daily Data'!$A$2:$A$1000,CG44)) -> 596 | CL44: =SUMPRODUCT(INDEX('Storehouse Replenishment Schedu'!$D$4:$CO$30,0,82))-CK44 -> 0 | CM44: =ABS(CL44) -> 0 | CV44: ="TRANSFER TO PANTRY = pantry is at or below "&'Item Purchases'!$E$38&" days but the storehouse still has stock. WATCH = storehouse cover within "&'Item Purchases'!$E$39&" days. Thresholds: Item Purchases E38, E39, E51." -> TRANSFER TO PANTRY = pantry is at or below 7 days but the storehouse still has stock. WATCH = storehouse cover within 14 days. Thresholds: Item Purchases E38, E39, E51.
R45: =IFERROR(INDEX('Storehouse Replenishment Schedu'!$B$4:$B$30,MATCH(7,'Item Purchases'!$AL$4:$AL$30,0)),"") | V45: =IFERROR(INDEX('Storehouse Replenishment Schedu'!$CR$4:$CR$30,MATCH(7,'Item Purchases'!$AL$4:$AL$30,0)),"") | X45: =IFERROR(INDEX('Storehouse Replenishment Schedu'!$CT$4:$CT$30,MATCH(7,'Item Purchases'!$AL$4:$AL$30,0)),"") | AB45: =IF($C39="","",LEFT($C39,28)&IF($H39="OUT OF STOCK"," (OUT)","")) -> Milo 200ml | AC45: =IF(OR($H39="OUT OF STOCK",$H39="CRITICAL"),$K39,0) -> 0 | AD45: =IF($H39="LOW",$K39,0) -> 3.6428571 | AE45: =IF($H39="WATCH",$K39,0) -> 0 | AF45: =IF($H39="HEALTHY",$K39,0) -> 0 | AT45: Total value | AU45: =SUM(AU17:AU43) -> 10290.185 | CG45: =INDEX('Storehouse Replenishment Schedu'!$D$2:$CO$2,1,85) -> 46294 | CH45: =IF(CG45="","",TEXT(CG45,"dd mmm")) -> 29 Sep | CI45: =SUMPRODUCT(INDEX('Storehouse Replenishment Schedu'!$D$4:$CO$30,0,85)*('Item Purchases'!$W$4:$W$30=1)) -> 300 | CJ45: =SUMPRODUCT(INDEX('Storehouse Replenishment Schedu'!$D$4:$CO$30,0,86)*('Item Purchases'!$W$4:$W$30=1)) -> 312 | CK45: =IF(CG45="",0,SUMIFS('Daily Data'!$G$2:$G$1000,'Daily Data'!$A$2:$A$1000,CG45)) -> 300 | CL45: =SUMPRODUCT(INDEX('Storehouse Replenishment Schedu'!$D$4:$CO$30,0,85))-CK45 -> 0 | CM45: =ABS(CL45) -> 0
R46: =IFERROR(INDEX('Storehouse Replenishment Schedu'!$B$4:$B$30,MATCH(8,'Item Purchases'!$AL$4:$AL$30,0)),"") | V46: =IFERROR(INDEX('Storehouse Replenishment Schedu'!$CR$4:$CR$30,MATCH(8,'Item Purchases'!$AL$4:$AL$30,0)),"") | X46: =IFERROR(INDEX('Storehouse Replenishment Schedu'!$CT$4:$CT$30,MATCH(8,'Item Purchases'!$AL$4:$AL$30,0)),"") | AB46: =IF($C40="","",LEFT($C40,28)&IF($H40="OUT OF STOCK"," (OUT)","")) -> Munchy Oat Krunch - Strawber | AC46: =IF(OR($H40="OUT OF STOCK",$H40="CRITICAL"),$K40,0) -> 0 | AD46: =IF($H40="LOW",$K40,0) -> 4.4725275 | AE46: =IF($H40="WATCH",$K40,0) -> 0 | AF46: =IF($H40="HEALTHY",$K40,0) -> 0 | AP46: Top 10 item | AQ46: Units | CG46: =INDEX('Storehouse Replenishment Schedu'!$D$2:$CO$2,1,88) -> 46295 | CH46: =IF(CG46="","",TEXT(CG46,"dd mmm")) -> 30 Sep | CI46: =SUMPRODUCT(INDEX('Storehouse Replenishment Schedu'!$D$4:$CO$30,0,88)*('Item Purchases'!$W$4:$W$30=1)) -> 240 | CJ46: =SUMPRODUCT(INDEX('Storehouse Replenishment Schedu'!$D$4:$CO$30,0,89)*('Item Purchases'!$W$4:$W$30=1)) -> 309 | CK46: =IF(CG46="",0,SUMIFS('Daily Data'!$G$2:$G$1000,'Daily Data'!$A$2:$A$1000,CG46)) -> 240 | CL46: =SUMPRODUCT(INDEX('Storehouse Replenishment Schedu'!$D$4:$CO$30,0,88))-CK46 -> 0 | CM46: =ABS(CL46) -> 0
R47: Enter counts on the 'Storehouse Replenishment Schedu' sheet, column CS (yellow). | AB47: =IF($C41="","",LEFT($C41,28)&IF($H41="OUT OF STOCK"," (OUT)","")) -> Oat Side Original 200ml | AC47: =IF(OR($H41="OUT OF STOCK",$H41="CRITICAL"),$K41,0) -> 0 | AD47: =IF($H41="LOW",$K41,0) -> 4.6666667 | AE47: =IF($H41="WATCH",$K41,0) -> 0 | AF47: =IF($H41="HEALTHY",$K41,0) -> 0 | AP47: =IFERROR(IF(INDEX($AQ$17:$AQ$43,MATCH(1,$AR$17:$AR$43,0))=0,"",LEFT(INDEX($AP$17:$AP$43,MATCH(1,$AR$17:$AR$43,0)),30)),"") -> Spritzer sparkling water (orig | AQ47: =IFERROR(INDEX($AQ$17:$AQ$43,MATCH(1,$AR$17:$AR$43,0)),0) -> 528
AB48: =IF($C42="","",LEFT($C42,28)&IF($H42="OUT OF STOCK"," (OUT)","")) -> Lays Potato Chips (Original) | AC48: =IF(OR($H42="OUT OF STOCK",$H42="CRITICAL"),$K42,0) -> 0 | AD48: =IF($H42="LOW",$K42,0) -> 5.1764706 | AE48: =IF($H42="WATCH",$K42,0) -> 0 | AF48: =IF($H42="HEALTHY",$K42,0) -> 0 | AP48: =IFERROR(IF(INDEX($AQ$17:$AQ$43,MATCH(2,$AR$17:$AR$43,0))=0,"",LEFT(INDEX($AP$17:$AP$43,MATCH(2,$AR$17:$AR$43,0)),30)),"") -> COWA Coconut Water 330 ml | AQ48: =IFERROR(INDEX($AQ$17:$AQ$43,MATCH(2,$AR$17:$AR$43,0)),0) -> 416
B49: ACTIVITY ANALYSIS - responds to every filter above (week, category, flavor profile, date, day, brand, item) | AP49: =IFERROR(IF(INDEX($AQ$17:$AQ$43,MATCH(3,$AR$17:$AR$43,0))=0,"",LEFT(INDEX($AP$17:$AP$43,MATCH(3,$AR$17:$AR$43,0)),30)),"") -> Ayataka Tea 300ml | AQ49: =IFERROR(INDEX($AQ$17:$AQ$43,MATCH(3,$AR$17:$AR$43,0)),0) -> 407 | CV49: TRANSFER RECONCILIATION - stock out less spoiled / damaged should equal pantry stock-in (month to date, filtered items)
B50: UNITS CONSUMED | F50: UNITS STOCKED IN | J50: CONSUMPTION VALUE | N50: DAYS WITH COUNTS | R50: AVG UNITS / DAY | V50: ITEMS CONSUMED | AP50: =IFERROR(IF(INDEX($AQ$17:$AQ$43,MATCH(4,$AR$17:$AR$43,0))=0,"",LEFT(INDEX($AP$17:$AP$43,MATCH(4,$AR$17:$AR$43,0)),30)),"") -> Oat Side Chocolate 200ml | AQ50: =IFERROR(INDEX($AQ$17:$AQ$43,MATCH(4,$AR$17:$AR$43,0)),0) -> 383 | CV50: =IF(COUNTIF($CM$17:$CM$46,">0")=0,"Daily check (all items): stock out equals pantry stock-in on every day.","Daily check (all items): "&COUNTIF($CM$17:$CM$46,">0")&" day(s) differ; largest gap "&TEXT(INDEX($CL$17:$CL$46,MATCH(MAX($CM$17:$CM$46),$CM$17:$CM$46,0)),"+0;-0")&" units on "&INDEX($CH$17:$CH$46,MATCH(MAX($CM$17:$CM$46),$CM$17:$CM$46,0))&". Total gap "&SUM($CL$17:$CL$46)&" unit(s) vs "&SUM('Storehouse Replenishment Schedu'!$CX$4:$CX$30)&" recorded as spoiled / damaged"&IF(SUM($CL$17:$CL$46)=SUM('Storehouse Replenishment Schedu'!$CX$4:$CX$30)," - fully explained."," - the rest is unexplained.")) -> Daily check (all items): 1 day(s) differ; largest gap +2 units on 18 Sep. Total gap 2 unit(s) vs 2 recorded as spoiled / damaged - fully explained.
B51: =SUMIFS('Daily Data'!$I$2:$I$1000,'Daily Data'!$M$2:$M$1000,1) -> 5172 | F51: =SUMIFS('Daily Data'!$G$2:$G$1000,'Daily Data'!$M$2:$M$1000,1) -> 5567 | J51: =SUMIFS('Daily Data'!$K$2:$K$1000,'Daily Data'!$M$2:$M$1000,1) -> 10290.185 | N51: =COUNTIF($AK$17:$AK$41,">0") -> 22 | R51: =IF(N51=0,0,B51/N51) -> 235.09091 | V51: =COUNTIF($AQ$17:$AQ$43,">0") -> 23 | AP51: =IFERROR(IF(INDEX($AQ$17:$AQ$43,MATCH(5,$AR$17:$AR$43,0))=0,"",LEFT(INDEX($AP$17:$AP$43,MATCH(5,$AR$17:$AR$43,0)),30)),"") -> BBMG 90G | AQ51: =IFERROR(INDEX($AQ$17:$AQ$43,MATCH(5,$AR$17:$AR$43,0)),0) -> 362 | CV51: # | CW51: Item | DA51: Stock out | DC51: Spoiled / damaged | DE51: Pantry received | DG51: Difference | DI51: What to check
B52: Counts come from 'Pantry Inventory' via the 'Daily Data' sheet; days with no closing count entered are excluded. | AP52: =IFERROR(IF(INDEX($AQ$17:$AQ$43,MATCH(6,$AR$17:$AR$43,0))=0,"",LEFT(INDEX($AP$17:$AP$43,MATCH(6,$AR$17:$AR$43,0)),30)),"") -> Oolong Tea 300ml | AQ52: =IFERROR(INDEX($AQ$17:$AQ$43,MATCH(6,$AR$17:$AR$43,0)),0) -> 331 | CV52: =IF($DT52="","",1) -> 1 | CW52: =IF($DT52<>"",INDEX($BM$17:$BM$43,$DT52),IF(SUM($CA$17:$CA$43)=0,"All items reconcile","")) -> Lays Double Crunch - Seaweed Flav (50g) | DA52: =IF($DT52="","",INDEX($BU$17:$BU$43,$DT52)) -> 332 | DC52: =IF($DT52="","",INDEX($CB$17:$CB$43,$DT52)) -> 2 | DE52: =IF($DT52="","",INDEX($BV$17:$BV$43,$DT52)) -> 330 | DG52: =IF($DT52="","",INDEX($BW$17:$BW$43,$DT52)) -> 0 | DI52: =IF($DT52="",IF(AND(1=1,SUM($CA$17:$CA$43)=0),"Stock out less spoilage equals pantry stock-in for every item shown.",""),IF(INDEX($BW$17:$BW$43,$DT52)>0,"Unexplained gap - check the pantry entry, a missing delivery or unrecorded spoilage.",IF(INDEX($BW$17:$BW$43,$DT52)<0,"Pantry recorded more than released - check the storehouse stock-out entry.","Reconciles - explained by "&INDEX($CB$17:$CB$43,$DT52)&" spoiled / damaged unit(s)"&IF(INDEX($CD$17:$CD$43,$DT52)="","",": "&INDEX($CD$17:$CD$43,$DT52))&"."))) -> Reconciles - explained by 2 spoiled / damaged unit(s). | DT52: =IFERROR(MATCH(1,$BZ$17:$BZ$43,0),"") -> 9
AP53: =IFERROR(IF(INDEX($AQ$17:$AQ$43,MATCH(7,$AR$17:$AR$43,0))=0,"",LEFT(INDEX($AP$17:$AP$43,MATCH(7,$AR$17:$AR$43,0)),30)),"") -> Lays Double Crunch - Seaweed F | AQ53: =IFERROR(INDEX($AQ$17:$AQ$43,MATCH(7,$AR$17:$AR$43,0)),0) -> 315 | CV53: =IF($DT53="","",2) | CW53: =IF($DT53="","",INDEX($BM$17:$BM$43,$DT53)) | DA53: =IF($DT53="","",INDEX($BU$17:$BU$43,$DT53)) | DC53: =IF($DT53="","",INDEX($CB$17:$CB$43,$DT53)) | DE53: =IF($DT53="","",INDEX($BV$17:$BV$43,$DT53)) | DG53: =IF($DT53="","",INDEX($BW$17:$BW$43,$DT53)) | DI53: =IF($DT53="",IF(AND(2=1,SUM($CA$17:$CA$43)=0),"Stock out less spoilage equals pantry stock-in for every item shown.",""),IF(INDEX($BW$17:$BW$43,$DT53)>0,"Unexplained gap - check the pantry entry, a missing delivery or unrecorded spoilage.",IF(INDEX($BW$17:$BW$43,$DT53)<0,"Pantry recorded more than released - check the storehouse stock-out entry.","Reconciles - explained by "&INDEX($CB$17:$CB$43,$DT53)&" spoiled / damaged unit(s)"&IF(INDEX($CD$17:$CD$43,$DT53)="","",": "&INDEX($CD$17:$CD$43,$DT53))&"."))) | DT53: =IFERROR(MATCH(2,$BZ$17:$BZ$43,0),"")
AP54: =IFERROR(IF(INDEX($AQ$17:$AQ$43,MATCH(8,$AR$17:$AR$43,0))=0,"",LEFT(INDEX($AP$17:$AP$43,MATCH(8,$AR$17:$AR$43,0)),30)),"") -> Oat Side Original 200ml | AQ54: =IFERROR(INDEX($AQ$17:$AQ$43,MATCH(8,$AR$17:$AR$43,0)),0) -> 297 | CV54: =IF($DT54="","",3) | CW54: =IF($DT54="","",INDEX($BM$17:$BM$43,$DT54)) | DA54: =IF($DT54="","",INDEX($BU$17:$BU$43,$DT54)) | DC54: =IF($DT54="","",INDEX($CB$17:$CB$43,$DT54)) | DE54: =IF($DT54="","",INDEX($BV$17:$BV$43,$DT54)) | DG54: =IF($DT54="","",INDEX($BW$17:$BW$43,$DT54)) | DI54: =IF($DT54="",IF(AND(3=1,SUM($CA$17:$CA$43)=0),"Stock out less spoilage equals pantry stock-in for every item shown.",""),IF(INDEX($BW$17:$BW$43,$DT54)>0,"Unexplained gap - check the pantry entry, a missing delivery or unrecorded spoilage.",IF(INDEX($BW$17:$BW$43,$DT54)<0,"Pantry recorded more than released - check the storehouse stock-out entry.","Reconciles - explained by "&INDEX($CB$17:$CB$43,$DT54)&" spoiled / damaged unit(s)"&IF(INDEX($CD$17:$CD$43,$DT54)="","",": "&INDEX($CD$17:$CD$43,$DT54))&"."))) | DT54: =IFERROR(MATCH(3,$BZ$17:$BZ$43,0),"")
AP55: =IFERROR(IF(INDEX($AQ$17:$AQ$43,MATCH(9,$AR$17:$AR$43,0))=0,"",LEFT(INDEX($AP$17:$AP$43,MATCH(9,$AR$17:$AR$43,0)),30)),"") -> Munchy Oat Krunch - Dark Choco | AQ55: =IFERROR(INDEX($AQ$17:$AQ$43,MATCH(9,$AR$17:$AR$43,0)),0) -> 285 | CV55: =IF($DT55="","",4) | CW55: =IF($DT55="","",INDEX($BM$17:$BM$43,$DT55)) | DA55: =IF($DT55="","",INDEX($BU$17:$BU$43,$DT55)) | DC55: =IF($DT55="","",INDEX($CB$17:$CB$43,$DT55)) | DE55: =IF($DT55="","",INDEX($BV$17:$BV$43,$DT55)) | DG55: =IF($DT55="","",INDEX($BW$17:$BW$43,$DT55)) | DI55: =IF($DT55="",IF(AND(4=1,SUM($CA$17:$CA$43)=0),"Stock out less spoilage equals pantry stock-in for every item shown.",""),IF(INDEX($BW$17:$BW$43,$DT55)>0,"Unexplained gap - check the pantry entry, a missing delivery or unrecorded spoilage.",IF(INDEX($BW$17:$BW$43,$DT55)<0,"Pantry recorded more than released - check the storehouse stock-out entry.","Reconciles - explained by "&INDEX($CB$17:$CB$43,$DT55)&" spoiled / damaged unit(s)"&IF(INDEX($CD$17:$CD$43,$DT55)="","",": "&INDEX($CD$17:$CD$43,$DT55))&"."))) | DT55: =IFERROR(MATCH(4,$BZ$17:$BZ$43,0),"")
AP56: =IFERROR(IF(INDEX($AQ$17:$AQ$43,MATCH(10,$AR$17:$AR$43,0))=0,"",LEFT(INDEX($AP$17:$AP$43,MATCH(10,$AR$17:$AR$43,0)),30)),"") -> Vsoy Soya Bean 250ml | AQ56: =IFERROR(INDEX($AQ$17:$AQ$43,MATCH(10,$AR$17:$AR$43,0)),0) -> 271 | CV56: =IF($DT56="","",5) | CW56: =IF($DT56="","",INDEX($BM$17:$BM$43,$DT56)) | DA56: =IF($DT56="","",INDEX($BU$17:$BU$43,$DT56)) | DC56: =IF($DT56="","",INDEX($CB$17:$CB$43,$DT56)) | DE56: =IF($DT56="","",INDEX($BV$17:$BV$43,$DT56)) | DG56: =IF($DT56="","",INDEX($BW$17:$BW$43,$DT56)) | DI56: =IF($DT56="",IF(AND(5=1,SUM($CA$17:$CA$43)=0),"Stock out less spoilage equals pantry stock-in for every item shown.",""),IF(INDEX($BW$17:$BW$43,$DT56)>0,"Unexplained gap - check the pantry entry, a missing delivery or unrecorded spoilage.",IF(INDEX($BW$17:$BW$43,$DT56)<0,"Pantry recorded more than released - check the storehouse stock-out entry.","Reconciles - explained by "&INDEX($CB$17:$CB$43,$DT56)&" spoiled / damaged unit(s)"&IF(INDEX($CD$17:$CD$43,$DT56)="","",": "&INDEX($CD$17:$CD$43,$DT56))&"."))) | DT56: =IFERROR(MATCH(5,$BZ$17:$BZ$43,0),"")
R70: ABC classification (current filters) | CV70: STOCKING DECISION - items people use least, and what is left to sell through (filters apply)
R71: Class | T71: Items | V71: Share of value | X71: Rule | CV71: SUGGESTED PHASE OUT (ITEMS) | DB71: TO REVIEW (ITEMS) | DH71: DISCONTINUED (ITEMS) | DN71: STOCK LEFT IN PHASE OUT / DISCONTINUED (UNITS)
R72: A | T72: =BG17 -> 11 | V72: =BH17 -> 0.80748286 | X72: ="first "&TEXT('Item Purchases'!$E$49,"0%") -> first 80% | CV72: =SUMPRODUCT(('Item Purchases'!$W$4:$W$30=1)*('Item Purchases'!$AS$4:$AS$30="PHASE OUT")) -> 5 | DB72: =SUMPRODUCT(('Item Purchases'!$W$4:$W$30=1)*('Item Purchases'!$AS$4:$AS$30="REVIEW")) -> 3 | DH72: =SUMPRODUCT(('Item Purchases'!$W$4:$W$30=1)*('Item Purchases'!$AS$4:$AS$30="DISCONTINUED")) -> 0 | DN72: =SUMPRODUCT(('Item Purchases'!$W$4:$W$30=1)*(('Item Purchases'!$AS$4:$AS$30="PHASE OUT")+('Item Purchases'!$AS$4:$AS$30="DISCONTINUED"))*'Item Purchases'!$F$4:$F$30) -> 134
R73: B | T73: =BG18 -> 7 | V73: =BH18 -> 0.14419017 | X73: ="up to "&TEXT('Item Purchases'!$E$50,"0%") -> up to 95% | CV73: ="Stock value on hand in phase-out / discontinued items: "&TEXT(SUMPRODUCT(('Item Purchases'!$W$4:$W$30=1)*(('Item Purchases'!$AS$4:$AS$30="PHASE OUT")+('Item Purchases'!$AS$4:$AS$30="DISCONTINUED"))*'Item Purchases'!$AT$4:$AT$30),"#,##0")&". Mark an item Discontinued in Item Purchases (column AN) to stop purchase estimates and alerts for it; its history stays in the totals." -> Stock value on hand in phase-out / discontinued items: 301. Mark an item Discontinued in Item Purchases (column AN) to stop purchase estimates and alerts for it; its history stays in the totals.
R74: C | T74: =BG19 -> 5 | V74: =BH19 -> 0.048326974 | X74: ="the rest" -> the rest
R75: Value = units consumed x unit price. Cut-offs: 'Item Purchases' E49:E50.
CV76: LOWEST PREFERENCE - the 10 active items used least compared with their category average (items with enough counted days)
R77: Class A items - top 9 by value | CV77: # | CW77: Item | DA77: Category | DC77: Flavor | DE77: Avg / day | DG77: Share | DI77: Index | DK77: Trend | DM77: Stock | DO77: Days left | DQ77: Verdict
R78: Item | X78: Value | CV78: =IF($DT78="","",1) -> 1 | CW78: =IF($DT78="","",INDEX('Item Purchases'!$B$4:$B$30,$DT78)) -> NV PROTEIN - SALTED CARAMEL 40G | DA78: =IF($DT78="","",INDEX('Item Purchases'!$AM$4:$AM$30,$DT78)) -> Snacks | DC78: =IF($DT78="","",INDEX('Item Purchases'!$S$4:$S$30,$DT78)) -> Sweet | DE78: =IF($DT78="","",INDEX('Item Purchases'!$C$4:$C$30,$DT78)) -> 0 | DG78: =IF($DT78="","",INDEX('Item Purchases'!$AO$4:$AO$30,$DT78)) -> 0 | DI78: =IF($DT78="","",INDEX('Item Purchases'!$AQ$4:$AQ$30,$DT78)) -> 0 | DK78: =IF($DT78="","",IF(ISNUMBER(INDEX('Item Purchases'!$AR$4:$AR$30,$DT78)),INDEX('Item Purchases'!$AR$4:$AR$30,$DT78),"n/a")) -> n/a | DM78: =IF($DT78="","",INDEX('Item Purchases'!$F$4:$F$30,$DT78)) -> 0 | DO78: =IF($DT78="","",INDEX('Item Purchases'!$G$4:$G$30,$DT78)) | DQ78: =IF($DT78="","",INDEX('Item Purchases'!$AS$4:$AS$30,$DT78)) -> PHASE OUT | DT78: =IFERROR(MATCH(1,$CU$17:$CU$43,0),"") -> 6
R79: =BJ17 -> Lays Double Crunch - Seaweed Flav (50g) | X79: =BK17 -> 1260 | CV79: =IF($DT79="","",2) -> 2 | CW79: =IF($DT79="","",INDEX('Item Purchases'!$B$4:$B$30,$DT79)) -> KARTA Coconut Water 330 ml | DA79: =IF($DT79="","",INDEX('Item Purchases'!$AM$4:$AM$30,$DT79)) -> Beverages | DC79: =IF($DT79="","",INDEX('Item Purchases'!$S$4:$S$30,$DT79)) -> Other | DE79: =IF($DT79="","",INDEX('Item Purchases'!$C$4:$C$30,$DT79)) -> 0 | DG79: =IF($DT79="","",INDEX('Item Purchases'!$AO$4:$AO$30,$DT79)) -> 0 | DI79: =IF($DT79="","",INDEX('Item Purchases'!$AQ$4:$AQ$30,$DT79)) -> 0 | DK79: =IF($DT79="","",IF(ISNUMBER(INDEX('Item Purchases'!$AR$4:$AR$30,$DT79)),INDEX('Item Purchases'!$AR$4:$AR$30,$DT79),"n/a")) -> n/a | DM79: =IF($DT79="","",INDEX('Item Purchases'!$F$4:$F$30,$DT79)) -> 72 | DO79: =IF($DT79="","",INDEX('Item Purchases'!$G$4:$G$30,$DT79)) | DQ79: =IF($DT79="","",INDEX('Item Purchases'!$AS$4:$AS$30,$DT79)) -> PHASE OUT | DT79: =IFERROR(MATCH(2,$CU$17:$CU$43,0),"") -> 17
R80: =BJ18 -> COWA Coconut Water 330 ml | X80: =BK18 -> 1248 | CV80: =IF($DT80="","",3) -> 3 | CW80: =IF($DT80="","",INDEX('Item Purchases'!$B$4:$B$30,$DT80)) -> Fuze Tea by Heaven and Earth Jasmine Tea | DA80: =IF($DT80="","",INDEX('Item Purchases'!$AM$4:$AM$30,$DT80)) -> Beverages | DC80: =IF($DT80="","",INDEX('Item Purchases'!$S$4:$S$30,$DT80)) -> Tea | DE80: =IF($DT80="","",INDEX('Item Purchases'!$C$4:$C$30,$DT80)) -> 0 | DG80: =IF($DT80="","",INDEX('Item Purchases'!$AO$4:$AO$30,$DT80)) -> 0 | DI80: =IF($DT80="","",INDEX('Item Purchases'!$AQ$4:$AQ$30,$DT80)) -> 0 | DK80: =IF($DT80="","",IF(ISNUMBER(INDEX('Item Purchases'!$AR$4:$AR$30,$DT80)),INDEX('Item Purchases'!$AR$4:$AR$30,$DT80),"n/a")) -> n/a | DM80: =IF($DT80="","",INDEX('Item Purchases'!$F$4:$F$30,$DT80)) -> 0 | DO80: =IF($DT80="","",INDEX('Item Purchases'!$G$4:$G$30,$DT80)) | DQ80: =IF($DT80="","",INDEX('Item Purchases'!$AS$4:$AS$30,$DT80)) -> PHASE OUT | DT80: =IFERROR(MATCH(3,$CU$17:$CU$43,0),"") -> 23
R81: =BJ19 -> Oat Side Chocolate 200ml | X81: =BK19 -> 1149 | CV81: =IF($DT81="","",4) -> 4 | CW81: =IF($DT81="","",INDEX('Item Purchases'!$B$4:$B$30,$DT81)) -> Nescafe Latte 240ml | DA81: =IF($DT81="","",INDEX('Item Purchases'!$AM$4:$AM$30,$DT81)) -> Beverages | DC81: =IF($DT81="","",INDEX('Item Purchases'!$S$4:$S$30,$DT81)) -> Coffee | DE81: =IF($DT81="","",INDEX('Item Purchases'!$C$4:$C$30,$DT81)) -> 1.8636364 | DG81: =IF($DT81="","",INDEX('Item Purchases'!$AO$4:$AO$30,$DT81)) -> 0.0095179261 | DI81: =IF($DT81="","",INDEX('Item Purchases'!$AQ$4:$AQ$30,$DT81)) -> 0.14276889 | DK81: =IF($DT81="","",IF(ISNUMBER(INDEX('Item Purchases'!$AR$4:$AR$30,$DT81)),INDEX('Item Purchases'!$AR$4:$AR$30,$DT81),"n/a")) -> -0.29166667 | DM81: =IF($DT81="","",INDEX('Item Purchases'!$F$4:$F$30,$DT81)) -> 62 | DO81: =IF($DT81="","",INDEX('Item Purchases'!$G$4:$G$30,$DT81)) -> 33.268293 | DQ81: =IF($DT81="","",INDEX('Item Purchases'!$AS$4:$AS$30,$DT81)) -> PHASE OUT | DT81: =IFERROR(MATCH(4,$CU$17:$CU$43,0),"") -> 14
R82: =BJ20 -> Oat Side Original 200ml | X82: =BK20 -> 891 | CV82: =IF($DT82="","",5) -> 5 | CW82: =IF($DT82="","",INDEX('Item Purchases'!$B$4:$B$30,$DT82)) -> Julies Butter Waffles | DA82: =IF($DT82="","",INDEX('Item Purchases'!$AM$4:$AM$30,$DT82)) -> Snacks | DC82: =IF($DT82="","",INDEX('Item Purchases'!$S$4:$S$30,$DT82)) -> Sweet | DE82: =IF($DT82="","",INDEX('Item Purchases'!$C$4:$C$30,$DT82)) -> 1.6842105 | DG82: =IF($DT82="","",INDEX('Item Purchases'!$AO$4:$AO$30,$DT82)) -> 0.014969635 | DI82: =IF($DT82="","",INDEX('Item Purchases'!$AQ$4:$AQ$30,$DT82)) -> 0.16466599 | DK82: =IF($DT82="","",IF(ISNUMBER(INDEX('Item Purchases'!$AR$4:$AR$30,$DT82)),INDEX('Item Purchases'!$AR$4:$AR$30,$DT82),"n/a")) -> -0.51875 | DM82: =IF($DT82="","",INDEX('Item Purchases'!$F$4:$F$30,$DT82)) -> 0 | DO82: =IF($DT82="","",INDEX('Item Purchases'!$G$4:$G$30,$DT82)) -> 0 | DQ82: =IF($DT82="","",INDEX('Item Purchases'!$AS$4:$AS$30,$DT82)) -> PHASE OUT | DT82: =IFERROR(MATCH(5,$CU$17:$CU$43,0),"") -> 2
R83: =BJ21 -> Spritzer sparkling water (original) 400ml | X83: =BK21 -> 853.6 | CV83: =IF($DT83="","",6) -> 6 | CW83: =IF($DT83="","",INDEX('Item Purchases'!$B$4:$B$30,$DT83)) -> Nescafe original 240ml | DA83: =IF($DT83="","",INDEX('Item Purchases'!$AM$4:$AM$30,$DT83)) -> Beverages | DC83: =IF($DT83="","",INDEX('Item Purchases'!$S$4:$S$30,$DT83)) -> Coffee | DE83: =IF($DT83="","",INDEX('Item Purchases'!$C$4:$C$30,$DT83)) -> 2.8636364 | DG83: =IF($DT83="","",INDEX('Item Purchases'!$AO$4:$AO$30,$DT83)) -> 0.014625106 | DI83: =IF($DT83="","",INDEX('Item Purchases'!$AQ$4:$AQ$30,$DT83)) -> 0.21937659 | DK83: =IF($DT83="","",IF(ISNUMBER(INDEX('Item Purchases'!$AR$4:$AR$30,$DT83)),INDEX('Item Purchases'!$AR$4:$AR$30,$DT83),"n/a")) -> 0.17241379 | DM83: =IF($DT83="","",INDEX('Item Purchases'!$F$4:$F$30,$DT83)) -> 63 | DO83: =IF($DT83="","",INDEX('Item Purchases'!$G$4:$G$30,$DT83)) -> 22 | DQ83: =IF($DT83="","",INDEX('Item Purchases'!$AS$4:$AS$30,$DT83)) -> REVIEW | DT83: =IFERROR(MATCH(6,$CU$17:$CU$43,0),"") -> 15
R84: =BJ22 -> Ayataka Tea 300ml | X84: =BK22 -> 712.25 | CV84: =IF($DT84="","",7) -> 7 | CW84: =IF($DT84="","",INDEX('Item Purchases'!$B$4:$B$30,$DT84)) -> Lays Potato Chips (Original) 50g | DA84: =IF($DT84="","",INDEX('Item Purchases'!$AM$4:$AM$30,$DT84)) -> Snacks | DC84: =IF($DT84="","",INDEX('Item Purchases'!$S$4:$S$30,$DT84)) -> Savoury | DE84: =IF($DT84="","",INDEX('Item Purchases'!$C$4:$C$30,$DT84)) -> 3.8636364 | DG84: =IF($DT84="","",INDEX('Item Purchases'!$AO$4:$AO$30,$DT84)) -> 0.034340854 | DI84: =IF($DT84="","",INDEX('Item Purchases'!$AQ$4:$AQ$30,$DT84)) -> 0.37774939 | DK84: =IF($DT84="","",IF(ISNUMBER(INDEX('Item Purchases'!$AR$4:$AR$30,$DT84)),INDEX('Item Purchases'!$AR$4:$AR$30,$DT84),"n/a")) -> 0.023809524 | DM84: =IF($DT84="","",INDEX('Item Purchases'!$F$4:$F$30,$DT84)) -> 20 | DO84: =IF($DT84="","",INDEX('Item Purchases'!$G$4:$G$30,$DT84)) -> 5.1764706 | DQ84: =IF($DT84="","",INDEX('Item Purchases'!$AS$4:$AS$30,$DT84)) -> REVIEW | DT84: =IFERROR(MATCH(7,$CU$17:$CU$43,0),"") -> 8
R85: =BJ23 -> Oolong Tea 300ml | X85: =BK23 -> 579.25 | CV85: =IF($DT85="","",8) -> 8 | CW85: =IF($DT85="","",INDEX('Item Purchases'!$B$4:$B$30,$DT85)) -> BingRae Banana Milk 200ml | DA85: =IF($DT85="","",INDEX('Item Purchases'!$AM$4:$AM$30,$DT85)) -> Beverages | DC85: =IF($DT85="","",INDEX('Item Purchases'!$S$4:$S$30,$DT85)) -> Other | DE85: =IF($DT85="","",INDEX('Item Purchases'!$C$4:$C$30,$DT85)) -> 7.6875 | DG85: =IF($DT85="","",INDEX('Item Purchases'!$AO$4:$AO$30,$DT85)) -> 0.039261445 | DI85: =IF($DT85="","",INDEX('Item Purchases'!$AQ$4:$AQ$30,$DT85)) -> 0.58892168 | DK85: =IF($DT85="","",IF(ISNUMBER(INDEX('Item Purchases'!$AR$4:$AR$30,$DT85)),INDEX('Item Purchases'!$AR$4:$AR$30,$DT85),"n/a")) -> 0.1509434 | DM85: =IF($DT85="","",INDEX('Item Purchases'!$F$4:$F$30,$DT85)) -> 44 | DO85: =IF($DT85="","",INDEX('Item Purchases'!$G$4:$G$30,$DT85)) -> 5.7235772 | DQ85: =IF($DT85="","",INDEX('Item Purchases'!$AS$4:$AS$30,$DT85)) -> KEEP | DT85: =IFERROR(MATCH(8,$CU$17:$CU$43,0),"") -> 22
R86: =BJ24 -> Milo 200ml | X86: =BK24 -> 530.88 | CV86: =IF($DT86="","",9) -> 9 | CW86: =IF($DT86="","",INDEX('Item Purchases'!$B$4:$B$30,$DT86)) -> Julies Cheese Sandwich (28G) | DA86: =IF($DT86="","",INDEX('Item Purchases'!$AM$4:$AM$30,$DT86)) -> Snacks | DC86: =IF($DT86="","",INDEX('Item Purchases'!$S$4:$S$30,$DT86)) -> Savoury | DE86: =IF($DT86="","",INDEX('Item Purchases'!$C$4:$C$30,$DT86)) -> 6.45 | DG86: =IF($DT86="","",INDEX('Item Purchases'!$AO$4:$AO$30,$DT86)) -> 0.057329026 | DI86: =IF($DT86="","",INDEX('Item Purchases'!$AQ$4:$AQ$30,$DT86)) -> 0.63061928 | DK86: =IF($DT86="","",IF(ISNUMBER(INDEX('Item Purchases'!$AR$4:$AR$30,$DT86)),INDEX('Item Purchases'!$AR$4:$AR$30,$DT86),"n/a")) -> -0.092063492 | DM86: =IF($DT86="","",INDEX('Item Purchases'!$F$4:$F$30,$DT86)) -> 54 | DO86: =IF($DT86="","",INDEX('Item Purchases'!$G$4:$G$30,$DT86)) -> 8.372093 | DQ86: =IF($DT86="","",INDEX('Item Purchases'!$AS$4:$AS$30,$DT86)) -> KEEP | DT86: =IFERROR(MATCH(9,$CU$17:$CU$43,0),"") -> 4
R87: =BJ25 -> BingRae Banana Milk 200ml | X87: =BK25 -> 407.868 | CV87: =IF($DT87="","",10) -> 10 | CW87: =IF($DT87="","",INDEX('Item Purchases'!$B$4:$B$30,$DT87)) -> COKE ZERO 325ML | DA87: =IF($DT87="","",INDEX('Item Purchases'!$AM$4:$AM$30,$DT87)) -> Beverages | DC87: =IF($DT87="","",INDEX('Item Purchases'!$S$4:$S$30,$DT87)) -> Other | DE87: =IF($DT87="","",INDEX('Item Purchases'!$C$4:$C$30,$DT87)) -> 8.4090909 | DG87: =IF($DT87="","",INDEX('Item Purchases'!$AO$4:$AO$30,$DT87)) -> 0.04294674 | DI87: =IF($DT87="","",INDEX('Item Purchases'!$AQ$4:$AQ$30,$DT87)) -> 0.6442011 | DK87: =IF($DT87="","",IF(ISNUMBER(INDEX('Item Purchases'!$AR$4:$AR$30,$DT87)),INDEX('Item Purchases'!$AR$4:$AR$30,$DT87),"n/a")) -> -0.052631579 | DM87: =IF($DT87="","",INDEX('Item Purchases'!$F$4:$F$30,$DT87)) -> 62 | DO87: =IF($DT87="","",INDEX('Item Purchases'!$G$4:$G$30,$DT87)) -> 7.372973 | DQ87: =IF($DT87="","",INDEX('Item Purchases'!$AS$4:$AS$30,$DT87)) -> KEEP | DT87: =IFERROR(MATCH(10,$CU$17:$CU$43,0),"") -> 18
CV88: ="Preference index = average daily use while in stock / average of the active items in the same category (1.0 = average; "&TEXT('Item Purchases'!$E$62,"0.0#")&" or below counts as low). Trend = second half of the counted days vs the first half." -> Preference index = average daily use while in stock / average of the active items in the same category (1.0 = average; 0.5 or below counts as low). Trend = second half of the counted days vs the first half.
CV89: ="PHASE OUT = low preference and trend at or below "&TEXT('Item Purchases'!$E$63,"0%")&" (or no use at all). REVIEW = low preference or a falling trend. Fewer than "&'Item Purchases'!$E$64&" counted days = NEED MORE DATA. Cut-offs: Item Purchases E62:E64." -> PHASE OUT = low preference and trend at or below -20% (or no use at all). REVIEW = low preference or a falling trend. Fewer than 6 counted days = NEED MORE DATA. Cut-offs: Item Purchases E62:E64.
B90: ="DEMAND VARIABILITY & SAFETY STOCK - "&'Item Purchases'!$E$51&"-day lead time, "&TEXT('Item Purchases'!$E$52,"0%")&" service level (settings: Item Purchases E51:E55)" -> DEMAND VARIABILITY & SAFETY STOCK - 5-day lead time, 95% service level (settings: Item Purchases E51:E55)
B91: ABC x XYZ matrix (number of items, current filters) | J91: Items at or below their reorder point (top 8 by shortfall, current filters)
B92: ABC \ XYZ | D92: X steady | F92: Y moderate | H92: Z erratic | J92: # | K92: Item | P92: ABC | Q92: XYZ | R92: Stock remaining | T92: Reorder point | V92: Safety stock | X92: Short by (units)
B93: A | D93: =COUNTIFS('Item Purchases'!$AC$4:$AC$30,"A",'Item Purchases'!$AF$4:$AF$30,"X",'Item Purchases'!$W$4:$W$30,1) -> 7 | F93: =COUNTIFS('Item Purchases'!$AC$4:$AC$30,"A",'Item Purchases'!$AF$4:$AF$30,"Y",'Item Purchases'!$W$4:$W$30,1) -> 4 | H93: =COUNTIFS('Item Purchases'!$AC$4:$AC$30,"A",'Item Purchases'!$AF$4:$AF$30,"Z",'Item Purchases'!$W$4:$W$30,1) -> 0 | J93: 1 | K93: =IFERROR(INDEX('Item Purchases'!$B$4:$B$30,MATCH(1,'Item Purchases'!$AK$4:$AK$30,0)),"No items below their reorder point") -> Oat Side Chocolate 200ml | P93: =IFERROR(INDEX('Item Purchases'!$AC$4:$AC$30,MATCH(1,'Item Purchases'!$AK$4:$AK$30,0)),"") -> A | Q93: =IFERROR(INDEX('Item Purchases'!$AF$4:$AF$30,MATCH(1,'Item Purchases'!$AK$4:$AK$30,0)),"") -> Y | R93: =IFERROR(INDEX('Item Purchases'!$F$4:$F$30,MATCH(1,'Item Purchases'!$AK$4:$AK$30,0)),"") -> 19 | T93: =IFERROR(INDEX('Item Purchases'!$AH$4:$AH$30,MATCH(1,'Item Purchases'!$AK$4:$AK$30,0)),"") -> 144.21905 | V93: =IFERROR(INDEX('Item Purchases'!$AG$4:$AG$30,MATCH(1,'Item Purchases'!$AK$4:$AK$30,0)),"") -> 43.429572 | X93: =IFERROR(INDEX('Item Purchases'!$AJ$4:$AJ$30,MATCH(1,'Item Purchases'!$AK$4:$AK$30,0)),"") -> 125.21905
B94: B | D94: =COUNTIFS('Item Purchases'!$AC$4:$AC$30,"B",'Item Purchases'!$AF$4:$AF$30,"X",'Item Purchases'!$W$4:$W$30,1) -> 0 | F94: =COUNTIFS('Item Purchases'!$AC$4:$AC$30,"B",'Item Purchases'!$AF$4:$AF$30,"Y",'Item Purchases'!$W$4:$W$30,1) -> 7 | H94: =COUNTIFS('Item Purchases'!$AC$4:$AC$30,"B",'Item Purchases'!$AF$4:$AF$30,"Z",'Item Purchases'!$W$4:$W$30,1) -> 0 | J94: 2 | K94: =IFERROR(INDEX('Item Purchases'!$B$4:$B$30,MATCH(2,'Item Purchases'!$AK$4:$AK$30,0)),"") -> Ayataka Tea 300ml | P94: =IFERROR(INDEX('Item Purchases'!$AC$4:$AC$30,MATCH(2,'Item Purchases'!$AK$4:$AK$30,0)),"") -> A | Q94: =IFERROR(INDEX('Item Purchases'!$AF$4:$AF$30,MATCH(2,'Item Purchases'!$AK$4:$AK$30,0)),"") -> X | R94: =IFERROR(INDEX('Item Purchases'!$F$4:$F$30,MATCH(2,'Item Purchases'!$AK$4:$AK$30,0)),"") -> 85 | T94: =IFERROR(INDEX('Item Purchases'!$AH$4:$AH$30,MATCH(2,'Item Purchases'!$AK$4:$AK$30,0)),"") -> 208.68318 | V94: =IFERROR(INDEX('Item Purchases'!$AG$4:$AG$30,MATCH(2,'Item Purchases'!$AK$4:$AK$30,0)),"") -> 52.144714 | X94: =IFERROR(INDEX('Item Purchases'!$AJ$4:$AJ$30,MATCH(2,'Item Purchases'!$AK$4:$AK$30,0)),"") -> 123.68318
B95: C | D95: =COUNTIFS('Item Purchases'!$AC$4:$AC$30,"C",'Item Purchases'!$AF$4:$AF$30,"X",'Item Purchases'!$W$4:$W$30,1) -> 1 | F95: =COUNTIFS('Item Purchases'!$AC$4:$AC$30,"C",'Item Purchases'!$AF$4:$AF$30,"Y",'Item Purchases'!$W$4:$W$30,1) -> 4 | H95: =COUNTIFS('Item Purchases'!$AC$4:$AC$30,"C",'Item Purchases'!$AF$4:$AF$30,"Z",'Item Purchases'!$W$4:$W$30,1) -> 0 | J95: 3 | K95: =IFERROR(INDEX('Item Purchases'!$B$4:$B$30,MATCH(3,'Item Purchases'!$AK$4:$AK$30,0)),"") -> Munchy Oat Krunch - Dark Choco | P95: =IFERROR(INDEX('Item Purchases'!$AC$4:$AC$30,MATCH(3,'Item Purchases'!$AK$4:$AK$30,0)),"") -> B | Q95: =IFERROR(INDEX('Item Purchases'!$AF$4:$AF$30,MATCH(3,'Item Purchases'!$AK$4:$AK$30,0)),"") -> Y | R95: =IFERROR(INDEX('Item Purchases'!$F$4:$F$30,MATCH(3,'Item Purchases'!$AK$4:$AK$30,0)),"") -> 45 | T95: =IFERROR(INDEX('Item Purchases'!$AH$4:$AH$30,MATCH(3,'Item Purchases'!$AK$4:$AK$30,0)),"") -> 123.30673 | V95: =IFERROR(INDEX('Item Purchases'!$AG$4:$AG$30,MATCH(3,'Item Purchases'!$AK$4:$AK$30,0)),"") -> 44.140061 | X95: =IFERROR(INDEX('Item Purchases'!$AJ$4:$AJ$30,MATCH(3,'Item Purchases'!$AK$4:$AK$30,0)),"") -> 78.306727
B96: ="XYZ by variability (CV = std dev / average daily use): X <= "&TEXT('Item Purchases'!$E$53,"0.0")&", Y <= "&TEXT('Item Purchases'!$E$54,"0.0")&", Z above. AZ = high value and unpredictable - hold extra stock." -> XYZ by variability (CV = std dev / average daily use): X <= 0.5, Y <= 1.0, Z above. AZ = high value and unpredictable - hold extra stock. | J96: 4 | K96: =IFERROR(INDEX('Item Purchases'!$B$4:$B$30,MATCH(4,'Item Purchases'!$AK$4:$AK$30,0)),"") -> Vsoy Soya Bean 250ml | P96: =IFERROR(INDEX('Item Purchases'!$AC$4:$AC$30,MATCH(4,'Item Purchases'!$AK$4:$AK$30,0)),"") -> A | Q96: =IFERROR(INDEX('Item Purchases'!$AF$4:$AF$30,MATCH(4,'Item Purchases'!$AK$4:$AK$30,0)),"") -> X | R96: =IFERROR(INDEX('Item Purchases'!$F$4:$F$30,MATCH(4,'Item Purchases'!$AK$4:$AK$30,0)),"") -> 27 | T96: =IFERROR(INDEX('Item Purchases'!$AH$4:$AH$30,MATCH(4,'Item Purchases'!$AK$4:$AK$30,0)),"") -> 101.57696 | V96: =IFERROR(INDEX('Item Purchases'!$AG$4:$AG$30,MATCH(4,'Item Purchases'!$AK$4:$AK$30,0)),"") -> 21.871078 | X96: =IFERROR(INDEX('Item Purchases'!$AJ$4:$AJ$30,MATCH(4,'Item Purchases'!$AK$4:$AK$30,0)),"") -> 74.576961
J97: 5 | K97: =IFERROR(INDEX('Item Purchases'!$B$4:$B$30,MATCH(5,'Item Purchases'!$AK$4:$AK$30,0)),"") -> Milo 200ml | P97: =IFERROR(INDEX('Item Purchases'!$AC$4:$AC$30,MATCH(5,'Item Purchases'!$AK$4:$AK$30,0)),"") -> A | Q97: =IFERROR(INDEX('Item Purchases'!$AF$4:$AF$30,MATCH(5,'Item Purchases'!$AK$4:$AK$30,0)),"") -> Y | R97: =IFERROR(INDEX('Item Purchases'!$F$4:$F$30,MATCH(5,'Item Purchases'!$AK$4:$AK$30,0)),"") -> 51 | T97: =IFERROR(INDEX('Item Purchases'!$AH$4:$AH$30,MATCH(5,'Item Purchases'!$AK$4:$AK$30,0)),"") -> 100.76873 | V97: =IFERROR(INDEX('Item Purchases'!$AG$4:$AG$30,MATCH(5,'Item Purchases'!$AK$4:$AK$30,0)),"") -> 30.76873 | X97: =IFERROR(INDEX('Item Purchases'!$AJ$4:$AJ$30,MATCH(5,'Item Purchases'!$AK$4:$AK$30,0)),"") -> 49.76873
B98: ITEMS TO REORDER | D98: SAFETY STOCK (UNITS) | G98: SAFETY STOCK VALUE | J98: 6 | K98: =IFERROR(INDEX('Item Purchases'!$B$4:$B$30,MATCH(6,'Item Purchases'!$AK$4:$AK$30,0)),"") -> NV OATS & DARK CHOC 42GX5 | P98: =IFERROR(INDEX('Item Purchases'!$AC$4:$AC$30,MATCH(6,'Item Purchases'!$AK$4:$AK$30,0)),"") -> C | Q98: =IFERROR(INDEX('Item Purchases'!$AF$4:$AF$30,MATCH(6,'Item Purchases'!$AK$4:$AK$30,0)),"") -> X | R98: =IFERROR(INDEX('Item Purchases'!$F$4:$F$30,MATCH(6,'Item Purchases'!$AK$4:$AK$30,0)),"") -> 0 | T98: =IFERROR(INDEX('Item Purchases'!$AH$4:$AH$30,MATCH(6,'Item Purchases'!$AK$4:$AK$30,0)),"") -> 35.302226 | V98: =IFERROR(INDEX('Item Purchases'!$AG$4:$AG$30,MATCH(6,'Item Purchases'!$AK$4:$AK$30,0)),"") -> 7.8022258 | X98: =IFERROR(INDEX('Item Purchases'!$AJ$4:$AJ$30,MATCH(6,'Item Purchases'!$AK$4:$AK$30,0)),"") -> 35.302226
B99: =COUNTIFS('Item Purchases'!$AI$4:$AI$30,"BELOW ROP",'Item Purchases'!$W$4:$W$30,1) -> 13 | D99: =SUMIFS('Item Purchases'!$AG$4:$AG$30,'Item Purchases'!$W$4:$W$30,1) -> 605.33337 | G99: =SUMPRODUCT(('Item Purchases'!$W$4:$W$30=1)*'Item Purchases'!$AG$4:$AG$30*'Item Purchases'!$Q$4:$Q$30) -> 1120.5912 | J99: 7 | K99: =IFERROR(INDEX('Item Purchases'!$B$4:$B$30,MATCH(7,'Item Purchases'!$AK$4:$AK$30,0)),"") -> Oat Side Original 200ml | P99: =IFERROR(INDEX('Item Purchases'!$AC$4:$AC$30,MATCH(7,'Item Purchases'!$AK$4:$AK$30,0)),"") -> A | Q99: =IFERROR(INDEX('Item Purchases'!$AF$4:$AF$30,MATCH(7,'Item Purchases'!$AK$4:$AK$30,0)),"") -> X | R99: =IFERROR(INDEX('Item Purchases'!$F$4:$F$30,MATCH(7,'Item Purchases'!$AK$4:$AK$30,0)),"") -> 63 | T99: =IFERROR(INDEX('Item Purchases'!$AH$4:$AH$30,MATCH(7,'Item Purchases'!$AK$4:$AK$30,0)),"") -> 88.390905 | V99: =IFERROR(INDEX('Item Purchases'!$AG$4:$AG$30,MATCH(7,'Item Purchases'!$AK$4:$AK$30,0)),"") -> 20.890905 | X99: =IFERROR(INDEX('Item Purchases'!$AJ$4:$AJ$30,MATCH(7,'Item Purchases'!$AK$4:$AK$30,0)),"") -> 25.390905
J100: 8 | K100: =IFERROR(INDEX('Item Purchases'!$B$4:$B$30,MATCH(8,'Item Purchases'!$AK$4:$AK$30,0)),"") -> Munchy Oat Krunch - Strawberry & Blackcurrant | P100: =IFERROR(INDEX('Item Purchases'!$AC$4:$AC$30,MATCH(8,'Item Purchases'!$AK$4:$AK$30,0)),"") -> C | Q100: =IFERROR(INDEX('Item Purchases'!$AF$4:$AF$30,MATCH(8,'Item Purchases'!$AK$4:$AK$30,0)),"") -> Y | R100: =IFERROR(INDEX('Item Purchases'!$F$4:$F$30,MATCH(8,'Item Purchases'!$AK$4:$AK$30,0)),"") -> 37 | T100: =IFERROR(INDEX('Item Purchases'!$AH$4:$AH$30,MATCH(8,'Item Purchases'!$AK$4:$AK$30,0)),"") -> 58.991103 | V100: =IFERROR(INDEX('Item Purchases'!$AG$4:$AG$30,MATCH(8,'Item Purchases'!$AK$4:$AK$30,0)),"") -> 17.627466 | X100: =IFERROR(INDEX('Item Purchases'!$AJ$4:$AJ$30,MATCH(8,'Item Purchases'!$AK$4:$AK$30,0)),"") -> 21.991103
J101: Reorder point = average use per day x lead time + safety stock. Safety stock = z x std dev of daily use x square root of lead time.

Sheet Pantry Inventory
A1: X Pantry Management Inventory Stock Count (Sep 2026) | Z1: =IF(COUNTIF(C5:U161,"<0")=0,"Data check: no negative stock or consumption values","Data check: "&COUNTIF(C5:U161,"<0")&" negative value(s) - highlighted in red") -> Data check: no negative stock or consumption values
A2: Sep Week 1 | C2: 46265 | D2: 46266 | G2: 46267 | J2: 46268 | M2: 46269 | P2: 46272 | S2: Weekly Total
A3: Brand | B3: Description | C3: Opening Stk | D3: Stock In | E3: Closing Stk | F3: Consumption | G3: Stock In | H3: Closing Stk | I3: Consumption | J3: Stock In | K3: Closing Stk | L3: Consumption | M3: Stock In | N3: Closing Stk | O3: Consumption | P3: Stock In | Q3: Closing Stk | R3: Consumption | S3: Stock in | T3: Closing Stk | U3: Consumption | Z3: Sep 2026
V4: day w Cl.St/week | W4: total day w Cl.St | X4: total consumption | Y4: avg con/day (a week) | Z4: Total Stock in | AA4: Units | AB4: Price | AC4: Total
A5: Julie's | B5: Julie's Peanut Butter Sandwich 360g (12pkts x 30g) | C5: 41 | D5: 0 | E5: 30 | F5: =C5+D5-E5 -> 11 | G5: 0 | H5: 24 | I5: =E5+G5-H5 -> 6 | J5: 36 | K5: =16+36 -> 52 | L5: =H5+J5-K5 -> 8 | M5: 0 | N5: 33 | O5: =K5+M5-N5 -> 19 | P5: 0 | Q5: 21 | R5: =N5+P5-Q5 -> 12 | S5: =SUMIF($D$3:$R$3,"Stock In",D5:R5) -> 36 | T5: =Q5 -> 21 | U5: =SUMIF($D$3:$R$3,"Consumption",D5:R5) -> 56 | V5: =COUNTIF(E5,">0")+COUNTIF(H5,">0")+COUNTIF(K5,">0")+COUNTIF(N5,">0")+COUNTIF(Q5,">0") -> 5 | W5: =V5+V37+V68+V101 -> 20 | X5: =U5+U37+U68+F101+I101+L101+O101 -> 178 | Y5: =X5/W5 -> 8.9 | Z5: Julie's Peanut Butter Sandwich 360g (12pkts x 30g) | AA5: =SUMIF($B$5:$B$161,Z5,$S$5:$S$161) -> 192 | AB5: 1.083 | AC5: =AA5*AB5 -> 207.936
A6: Julie's | B6: Julies Butter Waffles | C6: 12 | D6: 0 | E6: 12 | F6: =C6+D6-E6 -> 0 | G6: 0 | H6: 12 | I6: =E6+G6-H6 -> 0 | J6: 0 | K6: 11 | L6: =H6+J6-K6 -> 1 | M6: 0 | N6: 11 | O6: =K6+M6-N6 -> 0 | P6: 0 | Q6: 7 | R6: =N6+P6-Q6 -> 4 | S6: =SUMIF($D$3:$R$3,"Stock In",D6:R6) -> 0 | T6: =Q6 -> 7 | U6: =SUMIF($D$3:$R$3,"Consumption",D6:R6) -> 5 | V6: =COUNTIF(E6,">0")+COUNTIF(H6,">0")+COUNTIF(K6,">0")+COUNTIF(N6,">0")+COUNTIF(Q6,">0") -> 5 | W6: =V6+V38+V69+V102 -> 19 | X6: =U6+U38+U69+F102+I102+L102+O102 -> 27 | Y6: =X6/W6 -> 1.4210526 | Z6: Julies Butter Waffles | AA6: =SUMIF($B$5:$B$161,Z6,$S$5:$S$161) -> 20 | AB6: 5.15 | AC6: =AA6*AB6 -> 103
A7: Julie's | B7: Julies Choco More Sandwich (44G) | C7: 0 | D7: 0 | E7: 0 | F7: =C7+D7-E7 -> 0 | G7: 0 | H7: 0 | I7: =E7+G7-H7 -> 0 | J7: 0 | K7: 0 | L7: =H7+J7-K7 -> 0 | M7: 0 | N7: 0 | O7: =K7+M7-N7 -> 0 | P7: 0 | Q7: 0 | R7: =N7+P7-Q7 -> 0 | S7: =SUMIF($D$3:$R$3,"Stock In",D7:R7) -> 0 | T7: =Q7 -> 0 | U7: =SUMIF($D$3:$R$3,"Consumption",D7:R7) -> 0 | V7: =COUNTIF(E7,">0")+COUNTIF(H7,">0")+COUNTIF(K7,">0")+COUNTIF(N7,">0")+COUNTIF(Q7,">0") -> 0 | W7: =V7+V39+V70+V103 -> 8 | X7: =U7+U39+U70+F103+I103+L103+O103 -> 79 | Y7: =X7/W7 -> 9.875 | Z7: Julies Choco More Sandwich (44G) | AA7: =SUMIF($B$5:$B$161,Z7,$S$5:$S$161) -> 120 | AB7: 1.2 | AC7: =AA7*AB7 -> 144
A8: Julie's | B8: Julies Cheese Sandwich (28G) | C8: 51 | D8: 0 | E8: 42 | F8: =C8+D8-E8 -> 9 | G8: 0 | H8: 36 | I8: =E8+G8-H8 -> 6 | J8: 0 | K8: 24 | L8: =H8+J8-K8 -> 12 | M8: 0 | N8: 18 | O8: =K8+M8-N8 -> 6 | P8: 0 | Q8: 18 | R8: =N8+P8-Q8 -> 0 | S8: =SUMIF($D$3:$R$3,"Stock In",D8:R8) -> 0 | T8: =Q8 -> 18 | U8: =SUMIF($D$3:$R$3,"Consumption",D8:R8) -> 33 | V8: =COUNTIF(E8,">0")+COUNTIF(H8,">0")+COUNTIF(K8,">0")+COUNTIF(N8,">0")+COUNTIF(Q8,">0") -> 5 | W8: =V8+V40+V71+V104 -> 18 | X8: =U8+U40+U71+F104+I104+L104+O104 -> 111 | Y8: =X8/W8 -> 6.1666667 | Z8: Julies Cheese Sandwich (28G) | AA8: =SUMIF($B$5:$B$161,Z8,$S$5:$S$161) -> 96 | AB8: 1.1 | AC8: =AA8*AB8 -> 105.6
A9: Nature Valley | B9: NV OATS & DARK CHOC 42GX5 | C9: 11 | D9: 0 | E9: 6 | F9: =C9+D9-E9 -> 5 | G9: 0 | H9: 4 | I9: =E9+G9-H9 -> 2 | J9: 0 | K9: 0 | L9: =H9+J9-K9 -> 4 | M9: 0 | N9: 0 | O9: =K9+M9-N9 -> 0 | P9: 0 | Q9: 0 | R9: =N9+P9-Q9 -> 0 | S9: =SUMIF($D$3:$R$3,"Stock In",D9:R9) -> 0 | T9: =Q9 -> 0 | U9: =SUMIF($D$3:$R$3,"Consumption",D9:R9) -> 11 | V9: =COUNTIF(E9,">0")+COUNTIF(H9,">0")+COUNTIF(K9,">0")+COUNTIF(N9,">0")+COUNTIF(Q9,">0") -> 2 | W9: =V9+V41+V72+V105 -> 2 | X9: =U9+U41+U72+F105+I105+L105+O105 -> 11 | Y9: =X9/W9 -> 5.5 | Z9: NV OATS & DARK CHOC 42GX5 | AA9: =SUMIF($B$5:$B$161,Z9,$S$5:$S$161) -> 0 | AB9: 2.78 | AC9: =AA9*AB9 -> 0
A10: Nature Valley | B10: NV PROTEIN - SALTED CARAMEL 40G | C10: 0 | D10: 0 | E10: 0 | F10: =C10+D10-E10 -> 0 | G10: 0 | H10: 0 | I10: =E10+G10-H10 -> 0 | J10: 0 | K10: 0 | L10: =H10+J10-K10 -> 0 | M10: 0 | N10: 0 | O10: =K10+M10-N10 -> 0 | P10: 0 | Q10: 0 | R10: =N10+P10-Q10 -> 0 | S10: =SUMIF($D$3:$R$3,"Stock In",D10:R10) -> 0 | T10: =Q10 -> 0 | U10: =SUMIF($D$3:$R$3,"Consumption",D10:R10) -> 0 | V10: =COUNTIF(E10,">0")+COUNTIF(H10,">0")+COUNTIF(K10,">0")+COUNTIF(N10,">0")+COUNTIF(Q10,">0") -> 0 | W10: =V10+V42+V73+V106 -> 0 | X10: =U10+U42+U73+F106+I106+L106+O106 -> 0 | Y10: 0 | Z10: NV PROTEIN - SALTED CARAMEL 40G | AA10: =SUMIF($B$5:$B$161,Z10,$S$5:$S$161) -> 0 | AB10: 4.9 | AC10: =AA10*AB10 -> 0
A11: BBMG | B11: BBMG 90G | C11: 0 | D11: 0 | E11: 0 | F11: =C11+D11-E11 -> 0 | G11: 0 | H11: 0 | I11: =E11+G11-H11 -> 0 | J11: 0 | K11: 0 | L11: =H11+J11-K11 -> 0 | M11: 0 | N11: 0 | O11: =K11+M11-N11 -> 0 | P11: 0 | Q11: 0 | R11: =N11+P11-Q11 -> 0 | S11: =SUMIF($D$3:$R$3,"Stock In",D11:R11) -> 0 | T11: =Q11 -> 0 | U11: =SUMIF($D$3:$R$3,"Consumption",D11:R11) -> 0 | V11: =COUNTIF(E11,">0")+COUNTIF(H11,">0")+COUNTIF(K11,">0")+COUNTIF(N11,">0")+COUNTIF(Q11,">0") -> 0 | W11: =V11+V43+V74+V107 -> 8 | X11: =U11+U43+U74+F107+I107+L107+O107 -> 252 | Y11: =X11/W11 -> 31.5 | Z11: BBMG 90G | AA11: =SUMIF($B$5:$B$161,Z11,$S$5:$S$161) -> 456 | AB11: 0.343 | AC11: =AA11*AB11 -> 156.408
A12: Lays | B12: Lays Potato Chips (Original) 50g | C12: 33 | D12: 0 | E12: 28 | F12: =C12+D12-E12 -> 5 | G12: 0 | H12: 20 | I12: =E12+G12-H12 -> 8 | J12: 24 | K12: =16+24 -> 40 | L12: =H12+J12-K12 -> 4 | M12: 0 | N12: 36 | O12: =K12+M12-N12 -> 4 | P12: 0 | Q12: 29 | R12: =N12+P12-Q12 -> 7 | S12: =SUMIF($D$3:$R$3,"Stock In",D12:R12) -> 24 | T12: =Q12 -> 29 | U12: =SUMIF($D$3:$R$3,"Consumption",D12:R12) -> 28 | V12: =COUNTIF(E12,">0")+COUNTIF(H12,">0")+COUNTIF(K12,">0")+COUNTIF(N12,">0")+COUNTIF(Q12,">0") -> 5 | W12: =V12+V44+V75+V108 -> 20 | X12: =U12+U44+U75+F108+I108+L108+O108 -> 68 | Y12: =X12/W12 -> 3.4 | Z12: Lays Potato Chips (Original) 50g | AA12: =SUMIF($B$5:$B$161,Z12,$S$5:$S$161) -> 72 | AB12: 3.458 | AC12: =AA12*AB12 -> 248.976
A13: Lays | B13: Lays Double Crunch - Seaweed Flav (50g) | C13: 24 | D13: 24 | E13: =0+24 -> 24 | F13: =C13+D13-E13 -> 24 | G13: 24 | H13: =0+24 -> 24 | I13: =E13+G13-H13 -> 24 | J13: 24 | K13: 24 | L13: =H13+J13-K13 -> 24 | M13: 0 | N13: 0 | O13: =K13+M13-N13 -> 24 | P13: 24 | Q13: 0 | R13: =N13+P13-Q13 -> 24 | S13: =SUMIF($D$3:$R$3,"Stock In",D13:R13) -> 96 | T13: =Q13 -> 0 | U13: =SUMIF($D$3:$R$3,"Consumption",D13:R13) -> 120 | V13: =COUNTIF(E13,">0")+COUNTIF(H13,">0")+COUNTIF(K13,">0")+COUNTIF(N13,">0")+COUNTIF(Q13,">0") -> 3 | W13: =V13+V45+V76+V109 -> 18 | X13: =U13+U45+U76+F109+I109+L109+O109 -> 271 | Y13: =X13/W13 -> 15.055556 | Z13: Lays Double Crunch - Seaweed Flav (50g) | AA13: =SUMIF($B$5:$B$161,Z13,$S$5:$S$161) -> 330 | AB13: 4 | AC13: =AA13*AB13 -> 1320
A14: Munchy | B14: Munchy Oat Krunch - Dark Choco | C14: 45 | D14: 30 | E14: =30+7 -> 37 | F14: =C14+D14-E14 -> 38 | G14: 0 | H14: 4 | I14: =E14+G14-H14 -> 33 | J14: 30 | K14: 30 | L14: =H14+J14-K14 -> 4 | M14: 0 | N14: 13 | O14: =K14+M14-N14 -> 17 | P14: 0 | Q14: 0 | R14: =N14+P14-Q14 -> 13 | S14: =SUMIF($D$3:$R$3,"Stock In",D14:R14) -> 60 | T14: =Q14 -> 0 | U14: =SUMIF($D$3:$R$3,"Consumption",D14:R14) -> 105 | V14: =COUNTIF(E14,">0")+COUNTIF(H14,">0")+COUNTIF(K14,">0")+COUNTIF(N14,">0")+COUNTIF(Q14,">0") -> 4 | W14: =V14+V46+V77+V110 -> 16 | X14: =U14+U46+U77+F110+I110+L110+O110 -> 255 | Y14: =X14/W14 -> 15.9375 | Z14: Munchy Oat Krunch - Dark Choco | AA14: =SUMIF($B$5:$B$161,Z14,$S$5:$S$161) -> 285 | AB14: 0.73 | AC14: =AA14*AB14 -> 208.05
A15: Munchy | B15: Munchy Oat Krunch - Strawberry & Blackcurrant | C15: 9 | D15: 45 | E15: =0+45 -> 45 | F15: =C15+D15-E15 -> 9 | G15: 0 | H15: 35 | I15: =E15+G15-H15 -> 10 | J15: 30 | K15: =23+30 -> 53 | L15: =H15+J15-K15 -> 12 | M15: 0 | N15: 48 | O15: =K15+M15-N15 -> 5 | P15: 0 | Q15: 41 | R15: =N15+P15-Q15 -> 7 | S15: =SUMIF($D$3:$R$3,"Stock In",D15:R15) -> 75 | T15: =Q15 -> 41 | U15: =SUMIF($D$3:$R$3,"Consumption",D15:R15) -> 43 | V15: =COUNTIF(E15,">0")+COUNTIF(H15,">0")+COUNTIF(K15,">0")+COUNTIF(N15,">0")+COUNTIF(Q15,">0") -> 5 | W15: =V15+V47+V78+V111 -> 20 | X15: =U15+U47+U78+F111+I111+L111+O111 -> 161 | Y15: =X15/W15 -> 8.05 | Z15: Munchy Oat Krunch - Strawberry & Blackcurrant | AA15: =SUMIF($B$5:$B$161,Z15,$S$5:$S$161) -> 210 | AB15: 0.73 | AC15: =AA15*AB15 -> 153.3
A17: Nestle | B17: Milo 200ml | C17: 35 | D17: 0 | E17: 22 | F17: =C17+D17-E17 -> 13 | G17: 24 | H17: =24+11 -> 35 | I17: =E17+G17-H17 -> 11 | J17: 0 | K17: 13 | L17: =H17+J17-K17 -> 22 | M17: 0 | N17: 2 | O17: =K17+M17-N17 -> 11 | P17: 48 | Q17: =0+48 -> 48 | R17: =N17+P17-Q17 -> 2 | S17: =SUMIF($D$3:$R$3,"Stock In",D17:R17) -> 72 | T17: =Q17 -> 48 | U17: =SUMIF($D$3:$R$3,"Consumption",D17:R17) -> 59 | V17: =COUNTIF(E17,">0")+COUNTIF(H17,">0")+COUNTIF(K17,">0")+COUNTIF(N17,">0")+COUNTIF(Q17,">0") -> 5 | W17: =V17+V49+V80+V113 -> 14 | X17: =U17+U49+U80+F113+I113+L113+O113 -> 179 | Y17: =X17/W17 -> 12.785714 | Z17: Milo 200ml | AA17: =SUMIF($B$5:$B$161,Z17,$S$5:$S$161) -> 240 | AB17: 2.37 | AC17: =AA17*AB17 -> 568.8
A18: Nestle | B18: Nescafe Latte 240ml | C18: 31 | D18: 0 | E18: 29 | F18: =C18+D18-E18 -> 2 | G18: 0 | H18: 27 | I18: =E18+G18-H18 -> 2 | J18: 0 | K18: 26 | L18: =H18+J18-K18 -> 1 | M18: 0 | N18: 23 | O18: =K18+M18-N18 -> 3 | P18: 0 | Q18: 19 | R18: =N18+P18-Q18 -> 4 | S18: =SUMIF($D$3:$R$3,"Stock In",D18:R18) -> 0 | T18: =Q18 -> 19 | U18: =SUMIF($D$3:$R$3,"Consumption",D18:R18) -> 12 | V18: =COUNTIF(E18,">0")+COUNTIF(H18,">0")+COUNTIF(K18,">0")+COUNTIF(N18,">0")+COUNTIF(Q18,">0") -> 5 | W18: =V18+V50+V81+V114 -> 20 | X18: =U18+U50+U81+F114+I114+L114+O114 -> 38 | Y18: =X18/W18 -> 1.9 | Z18: Nescafe Latte 240ml | AA18: =SUMIF($B$5:$B$161,Z18,$S$5:$S$161) -> 48 | AB18: 2.1875 | AC18: =AA18*AB18 -> 105
A19: Nestle | B19: Nescafe original 240ml | C19: 30 | D19: 0 | E19: 24 | F19: =C19+D19-E19 -> 6 | G19: 0 | H19: 23 | I19: =E19+G19-H19 -> 1 | J19: 0 | K19: 18 | L19: =H19+J19-K19 -> 5 | M19: 0 | N19: 16 | O19: =K19+M19-N19 -> 2 | P19: 0 | Q19: 14 | R19: =N19+P19-Q19 -> 2 | S19: =SUMIF($D$3:$R$3,"Stock In",D19:R19) -> 0 | T19: =Q19 -> 14 | U19: =SUMIF($D$3:$R$3,"Consumption",D19:R19) -> 16 | V19: =COUNTIF(E19,">0")+COUNTIF(H19,">0")+COUNTIF(K19,">0")+COUNTIF(N19,">0")+COUNTIF(Q19,">0") -> 5 | W19: =V19+V51+V82+V115 -> 20 | X19: =U19+U51+U82+F115+I115+L115+O115 -> 55 | Y19: =X19/W19 -> 2.75 | Z19: Nescafe original 240ml | AA19: =SUMIF($B$5:$B$161,Z19,$S$5:$S$161) -> 72 | AB19: 2.1875 | AC19: =AA19*AB19 -> 157.5
A20: COWA | B20: COWA Coconut Water 330 ml | C20: 0 | D20: 0 | E20: 0 | F20: =C20+D20-E20 -> 0 | G20: 0 | H20: 0 | I20: =E20+G20-H20 -> 0 | J20: 0 | K20: 0 | L20: =H20+J20-K20 -> 0 | M20: 0 | N20: 0 | O20: =K20+M20-N20 -> 0 | P20: 72 | Q20: =0+36 -> 36 | R20: =N20+P20-Q20 -> 36 | S20: =SUMIF($D$3:$R$3,"Stock In",D20:R20) -> 72 | T20: =Q20 -> 36 | U20: =SUMIF($D$3:$R$3,"Consumption",D20:R20) -> 36 | V20: =COUNTIF(E20,">0")+COUNTIF(H20,">0")+COUNTIF(K20,">0")+COUNTIF(N20,">0")+COUNTIF(Q20,">0") -> 1 | W20: =V20+V52+V83+V116 -> 16 | X20: =U20+U52+U83+F116+I116+L116+O116 -> 366 | Y20: =X20/W20 -> 22.875 | Z20: COWA Coconut Water 330 ml | AA20: =SUMIF($B$5:$B$161,Z20,$S$5:$S$161) -> 612 | AB20: 3 | AC20: =AA20*AB20 -> 1836
A21: Coca Cola | B21: COKE ZERO 325ML | C21: 55 | D21: 0 | E21: 46 | F21: =C21+D21-E21 -> 9 | G21: 0 | H21: 41 | I21: =E21+G21-H21 -> 5 | J21: 0 | K21: 31 | L21: =H21+J21-K21 -> 10 | M21: 0 | N21: 18 | O21: =K21+M21-N21 -> 13 | P21: 0 | Q21: 5 | R21: =N21+P21-Q21 -> 13 | S21: =SUMIF($D$3:$R$3,"Stock In",D21:R21) -> 0 | T21: =Q21 -> 5 | U21: =SUMIF($D$3:$R$3,"Consumption",D21:R21) -> 50 | V21: =COUNTIF(E21,">0")+COUNTIF(H21,">0")+COUNTIF(K21,">0")+COUNTIF(N21,">0")+COUNTIF(Q21,">0") -> 5 | W21: =V21+V54+V85+V118 -> 16 | X21: =U21+U53+U84+F118+I118+L118+O118 -> 155 | Y21: =X21/W21 -> 9.6875 | Z21: KARTA Coconut Water 330 ml | AA21: =SUMIF($B$5:$B$161,Z21,$S$5:$S$161) -> 0 | AB21: 2.3 | AC21: =AA21*AB21 -> 0
A22: Coca Cola | B22: Ayataka Tea 300ml | C22: 24 | D22: 36 | E22: =0+36 -> 36 | F22: =C22+D22-E22 -> 24 | G22: 0 | H22: 0 | I22: =E22+G22-H22 -> 36 | J22: 0 | K22: 0 | L22: =H22+J22-K22 -> 0 | M22: 0 | N22: 0 | O22: =K22+M22-N22 -> 0 | P22: 0 | Q22: 0 | R22: =N22+P22-Q22 -> 0 | S22: =SUMIF($D$3:$R$3,"Stock In",D22:R22) -> 36 | T22: =Q22 -> 0 | U22: =SUMIF($D$3:$R$3,"Consumption",D22:R22) -> 60 | V22: =COUNTIF(E22,">0")+COUNTIF(H22,">0")+COUNTIF(K22,">0")+COUNTIF(N22,">0")+COUNTIF(Q22,">0") -> 1 | W22: =V22+V54+V85+V119 -> 11 | X22: =U22+U54+U85+F119 -> 240 | Y22: =X22/W22 -> 21.818182 | Z22: COKE ZERO 325ML | AA22: =SUMIF($B$5:$B$161,Z22,$S$5:$S$161) -> 168 | AB22: 1.83 | AC22: =AA22*AB22 -> 307.44
A23: Coca Cola | B23: Oolong Tea 300ml | C23: 24 | D23: 36 | E23: =0+36 -> 36 | F23: =C23+D23-E23 -> 24 | G23: 0 | H23: 0 | I23: =E23+G23-H23 -> 36 | J23: 0 | K23: 0 | L23: =H23+J23-K23 -> 0 | M23: 0 | N23: 0 | O23: =K23+M23-N23 -> 0 | P23: 0 | Q23: 0 | R23: =N23+P23-Q23 -> 0 | S23: =SUMIF($D$3:$R$3,"Stock In",D23:R23) -> 36 | T23: =Q23 -> 0 | U23: =SUMIF($D$3:$R$3,"Consumption",D23:R23) -> 60 | V23: =COUNTIF(E23,">0")+COUNTIF(H23,">0")+COUNTIF(K23,">0")+COUNTIF(N23,">0")+COUNTIF(Q23,">0") -> 1 | W23: =V23+V55+V86+V120 -> 12 | X23: =U23+U55+U86+F120 -> 202 | Y23: =X23/W23 -> 16.833333 | Z23: Ayataka Tea 300ml | AA23: =SUMIF($B$5:$B$161,Z23,$S$5:$S$161) -> 420 | AB23: 1.75 | AC23: =AA23*AB23 -> 735
A24: Vsoy | B24: Vsoy Soya Bean 250ml | C24: 58 | D24: 0 | E24: 43 | F24: =C24+D24-E24 -> 15 | G24: 48 | H24: =30+48 -> 78 | I24: =E24+G24-H24 -> 13 | J24: 0 | K24: 52 | L24: =H24+J24-K24 -> 26 | M24: 0 | N24: 34 | O24: =K24+M24-N24 -> 18 | P24: 48 | Q24: =48+18 -> 66 | R24: =N24+P24-Q24 -> 16 | S24: =SUMIF($D$3:$R$3,"Stock In",D24:R24) -> 96 | T24: =Q24 -> 66 | U24: =SUMIF($D$3:$R$3,"Consumption",D24:R24) -> 88 | V24: =COUNTIF(E24,">0")+COUNTIF(H24,">0")+COUNTIF(K24,">0")+COUNTIF(N24,">0")+COUNTIF(Q24,">0") -> 5 | W24: =V24+V56+V87+V121 -> 15 | X24: =U24+U56+U87+F121 -> 178 | Y24: =X24/W24 -> 11.866667 | Z24: Oolong Tea 300ml | AA24: =SUMIF($B$5:$B$161,Z24,$S$5:$S$161) -> 360 | AB24: 1.75 | AC24: =AA24*AB24 -> 630
A25: BingRae | B25: BingRae Banana Milk 200ml | C25: 23 | D25: 0 | E25: 11 | F25: =C25+D25-E25 -> 12 | G25: 0 | H25: 6 | I25: =E25+G25-H25 -> 5 | J25: 0 | K25: 0 | L25: =H25+J25-K25 -> 6 | M25: 0 | N25: 0 | O25: =K25+M25-N25 -> 0 | P25: 0 | Q25: 0 | R25: =N25+P25-Q25 -> 0 | S25: =SUMIF($D$3:$R$3,"Stock In",D25:R25) -> 0 | T25: =Q25 -> 0 | U25: =SUMIF($D$3:$R$3,"Consumption",D25:R25) -> 23 | V25: =COUNTIF(E25,">0")+COUNTIF(H25,">0")+COUNTIF(K25,">0")+COUNTIF(N25,">0")+COUNTIF(Q25,">0") -> 2 | W25: =V25+V57+V88+V122 -> 14 | X25: =U25+U57+U88+F122 -> 92 | Y25: =X25/W25 -> 6.5714286 | Z25: Vsoy Soya Bean 250ml | AA25: =SUMIF($B$5:$B$161,Z25,$S$5:$S$161) -> 240 | AB25: 1.25 | AC25: =AA25*AB25 -> 300
A26: Fuze Tea | B26: Fuze Tea by Heaven and Earth Jasmine Tea | C26: 0 | D26: 0 | E26: 0 | F26: =C26+D26-E26 -> 0 | G26: 0 | H26: 0 | I26: =E26+G26-H26 -> 0 | J26: 0 | K26: 0 | L26: =H26+J26-K26 -> 0 | M26: 0 | N26: 0 | O26: =K26+M26-N26 -> 0 | P26: 0 | Q26: 0 | R26: =N26+P26-Q26 -> 0 | S26: =SUMIF($D$3:$R$3,"Stock In",D26:R26) -> 0 | T26: =Q26 -> 0 | U26: =SUMIF($D$3:$R$3,"Consumption",D26:R26) -> 0 | V26: =COUNTIF(E26,">0")+COUNTIF(H26,">0")+COUNTIF(K26,">0")+COUNTIF(N26,">0")+COUNTIF(Q26,">0") -> 0 | W26: =V26+V58+V89+V123 -> 0 | X26: =U26+U58+U89+F123 -> 0 | Y26: 0 | Z26: BingRae Banana Milk 200ml | AA26: =SUMIF($B$5:$B$161,Z26,$S$5:$S$161) -> 144 | AB26: 3.316 | AC26: =AA26*AB26 -> 477.504
A27: F&N | B27: FN 100 plus (original) 325ml | C27: 45 | D27: 0 | E27: 40 | F27: =C27+D27-E27 -> 5 | G27: 0 | H27: 29 | I27: =E27+G27-H27 -> 11 | J27: 24 | K27: =14+24 -> 38 | L27: =H27+J27-K27 -> 15 | M27: 0 | N27: 26 | O27: =K27+M27-N27 -> 12 | P27: 48 | Q27: =48+18 -> 66 | R27: =N27+P27-Q27 -> 8 | S27: =SUMIF($D$3:$R$3,"Stock In",D27:R27) -> 72 | T27: =Q27 -> 66 | U27: =SUMIF($D$3:$R$3,"Consumption",D27:R27) -> 51 | V27: =COUNTIF(E27,">0")+COUNTIF(H27,">0")+COUNTIF(K27,">0")+COUNTIF(N27,">0")+COUNTIF(Q27,">0") -> 5 | W27: =V27+V59+V90+V124 -> 20 | X27: =U27+U59+U90+F124 -> 147 | Y27: =X27/W27 -> 7.35 | Z27: Fuze Tea by Heaven and Earth Jasmine Tea | AA27: =SUMIF($B$5:$B$161,Z27,$S$5:$S$161) -> 0 | AB27: 1.167 | AC27: =AA27*AB27 -> 0
A28: Spritzer | B28: Spritzer sparkling water (original) 400ml | C28: 24 | D28: 48 | E28: =0+48 -> 48 | F28: =C28+D28-E28 -> 24 | G28: 24 | H28: =20+24 -> 44 | I28: =E28+G28-H28 -> 28 | J28: 24 | K28: =14+24 -> 38 | L28: =H28+J28-K28 -> 30 | M28: 0 | N28: 17 | O28: =K28+M28-N28 -> 21 | P28: 48 | Q28: =0+48 -> 48 | R28: =N28+P28-Q28 -> 17 | S28: =SUMIF($D$3:$R$3,"Stock In",D28:R28) -> 144 | T28: =Q28 -> 48 | U28: =SUMIF($D$3:$R$3,"Consumption",D28:R28) -> 120 | V28: =COUNTIF(E28,">0")+COUNTIF(H28,">0")+COUNTIF(K28,">0")+COUNTIF(N28,">0")+COUNTIF(Q28,">0") -> 5 | W28: =V28+V60+V91+V125 -> 20 | X28: =U28+U60+U91+F125 -> 360 | Y28: =X28/W28 -> 18 | Z28: FN 100 plus (original) 325ml | AA28: =SUMIF($B$5:$B$161,Z28,$S$5:$S$161) -> 216 | AB28: 1.58 | AC28: =AA28*AB28 -> 341.28
A29: Oat Side | B29: Oat Side Original 200ml | C29: 24 | D29: 24 | E29: =0+24 -> 24 | F29: =C29+D29-E29 -> 24 | G29: 0 | H29: 12 | I29: =E29+G29-H29 -> 12 | J29: 24 | K29: 24 | L29: =H29+J29-K29 -> 12 | M29: 0 | N29: 15 | O29: =K29+M29-N29 -> 9 | P29: 48 | Q29: =0+48 -> 48 | R29: =N29+P29-Q29 -> 15 | S29: =SUMIF($D$3:$R$3,"Stock In",D29:R29) -> 96 | T29: =Q29 -> 48 | U29: =SUMIF($D$3:$R$3,"Consumption",D29:R29) -> 72 | V29: =COUNTIF(E29,">0")+COUNTIF(H29,">0")+COUNTIF(K29,">0")+COUNTIF(N29,">0")+COUNTIF(Q29,">0") -> 5 | W29: =V29+V61+V92+V126 -> 20 | X29: =U29+U61+U92+F126 -> 201 | Y29: =X29/W29 -> 10.05 | Z29: Spritzer sparkling water (original) 400ml | AA29: =SUMIF($B$5:$B$161,Z29,$S$5:$S$161) -> 552 | AB29: 1.6166667 | AC29: =AA29*AB29 -> 892.4
A30: Oat Side | B30: Oat Side Chocolate 200ml | C30: 24 | D30: 24 | E30: =0+24 -> 24 | F30: =C30+D30-E30 -> 24 | G30: 0 | H30: 0 | I30: =E30+G30-H30 -> 24 | J30: 45 | K30: 45 | L30: =H30+J30-K30 -> 0 | M30: 0 | N30: 3 | O30: =K30+M30-N30 -> 42 | P30: 0 | Q30: 0 | R30: =N30+P30-Q30 -> 3 | S30: =SUMIF($D$3:$R$3,"Stock In",D30:R30) -> 69 | T30: =Q30 -> 0 | U30: =SUMIF($D$3:$R$3,"Consumption",D30:R30) -> 93 | V30: =COUNTIF(E30,">0")+COUNTIF(H30,">0")+COUNTIF(K30,">0")+COUNTIF(N30,">0")+COUNTIF(Q30,">0") -> 3 | W30: =V30+V62+V93+V127 -> 17 | X30: =U30+U62+U93+F127 -> 272 | Y30: =X30/W30 -> 16 | Z30: Oat Side Original 200ml | AA30: =SUMIF($B$5:$B$161,Z30,$S$5:$S$161) -> 336 | AB30: 3 | AC30: =AA30*AB30 -> 1008
Z31: Oat Side Chocolate 200ml | AA31: =SUMIF($B$5:$B$161,Z31,$S$5:$S$161) -> 378 | AB31: 3 | AC31: =AA31*AB31 -> 1134
AA32: =SUM(AA5:AA31) -> 5567 | AB32: Total | AC32: =SUM(AC5:AC31) -> 11140.194
A34: Sep Week 2 | C34: 46272 | D34: 46273 | G34: 46274 | J34: 46275 | M34: 46276 | P34: 46279 | S34: Weekly Total
A35: Brand | B35: Description | C35: Opening Stk | D35: Stock in | E35: Closing Stk | F35: Consumption | G35: Stock In | H35: Closing Stk | I35: Consumption | J35: Stock In | K35: Closing Stk | L35: Consumption | M35: Stock In | N35: Closing Stk | O35: Consumption | P35: Stock In | Q35: Closing Stk | R35: Consumption | S35: Stock in | T35: Closing Stk | U35: Consumption | AV35: *Adjusted Pricing for Coke Zero, Ayataka and Oolong Tea
A37: Julie's | B37: Julie's Peanut Butter Sandwich 360g (12pkts x 30g) | C37: =T5 -> 21 | D37: 36 | E37: =36+8 -> 44 | F37: =C37+D37-E37 -> 13 | G37: 0 | H37: 44 | I37: =E37+G37-H37 -> 0 | J37: 0 | K37: 35 | L37: =H37+J37-K37 -> 9 | M37: 0 | N37: 22 | O37: =K37+M37-N37 -> 13 | P37: 0 | Q37: 11 | R37: =N37+P37-Q37 -> 11 | S37: =SUMIF($D$35:$R$35,"Stock In",D37:R37) -> 36 | T37: =Q37 -> 11 | U37: =SUMIF($D$3:$R$3,"Consumption",D37:R37) -> 46 | V37: =COUNTIF(E37,">0")+COUNTIF(H37,">0")+COUNTIF(K37,">0")+COUNTIF(N37,">0")+COUNTIF(Q37,">0") -> 5
A38: Julie's | B38: Julies Butter Waffles | C38: =T6 -> 7 | D38: 0 | E38: 5 | F38: =C38+D38-E38 -> 2 | G38: 10 | H38: =10+5 -> 15 | I38: =E38+G38-H38 -> 0 | J38: 0 | K38: 15 | L38: =H38+J38-K38 -> 0 | M38: 0 | N38: 10 | O38: =K38+M38-N38 -> 5 | P38: 0 | Q38: 5 | R38: =N38+P38-Q38 -> 5 | S38: =SUMIF($D$35:$R$35,"Stock In",D38:R38) -> 10 | T38: =Q38 -> 5 | U38: =SUMIF($D$3:$R$3,"Consumption",D38:R38) -> 12 | V38: =COUNTIF(E38,">0")+COUNTIF(H38,">0")+COUNTIF(K38,">0")+COUNTIF(N38,">0")+COUNTIF(Q38,">0") -> 5
A39: Julie's | B39: Julies Choco More Sandwich (44G) | C39: =T7 -> 0 | D39: 0 | E39: 0 | F39: =C39+D39-E39 -> 0 | G39: 0 | H39: 0 | I39: =E39+G39-H39 -> 0 | J39: 0 | K39: 0 | L39: =H39+J39-K39 -> 0 | M39: 0 | N39: 0 | O39: =K39+M39-N39 -> 0 | P39: 0 | Q39: 0 | R39: =N39+P39-Q39 -> 0 | S39: =SUMIF($D$35:$R$35,"Stock In",D39:R39) -> 0 | T39: =Q39 -> 0 | U39: =SUMIF($D$3:$R$3,"Consumption",D39:R39) -> 0 | V39: =COUNTIF(E39,">0")+COUNTIF(H39,">0")+COUNTIF(K39,">0")+COUNTIF(N39,">0")+COUNTIF(Q39,">0") -> 0
A40: Julie's | B40: Julies Cheese Sandwich (28G) | C40: =T8 -> 18 | D40: 36 | E40: =11+36 -> 47 | F40: =C40+D40-E40 -> 7 | G40: 0 | H40: 39 | I40: =E40+G40-H40 -> 8 | J40: 0 | K40: 34 | L40: =H40+J40-K40 -> 5 | M40: 0 | N40: 31 | O40: =K40+M40-N40 -> 3 | P40: 0 | Q40: 26 | R40: =N40+P40-Q40 -> 5 | S40: =SUMIF($D$35:$R$35,"Stock In",D40:R40) -> 36 | T40: =Q40 -> 26 | U40: =SUMIF($D$3:$R$3,"Consumption",D40:R40) -> 28 | V40: =COUNTIF(E40,">0")+COUNTIF(H40,">0")+COUNTIF(K40,">0")+COUNTIF(N40,">0")+COUNTIF(Q40,">0") -> 5
A41: Nature Valley | B41: NV OATS & DARK CHOC 42GX5 | C41: =T9 -> 0 | D41: 0 | E41: 0 | F41: =C41+D41-E41 -> 0 | G41: 0 | H41: 0 | I41: =E41+G41-H41 -> 0 | J41: 0 | K41: 0 | L41: =H41+J41-K41 -> 0 | M41: 0 | N41: 0 | O41: =K41+M41-N41 -> 0 | P41: 0 | Q41: 0 | R41: =N41+P41-Q41 -> 0 | S41: =SUMIF($D$35:$R$35,"Stock In",D41:R41) -> 0 | T41: =Q41 -> 0 | U41: =SUMIF($D$3:$R$3,"Consumption",D41:R41) -> 0 | V41: =COUNTIF(E41,">0")+COUNTIF(H41,">0")+COUNTIF(K41,">0")+COUNTIF(N41,">0")+COUNTIF(Q41,">0") -> 0
A42: Nature Valley | B42: NV PROTEIN - SALTED CARAMEL 40G | C42: =T10 -> 0 | D42: 0 | E42: 0 | F42: =C42+D42-E42 -> 0 | G42: 0 | H42: 0 | I42: =E42+G42-H42 -> 0 | J42: 0 | K42: 0 | L42: =H42+J42-K42 -> 0 | M42: 0 | N42: 0 | O42: =K42+M42-N42 -> 0 | P42: 0 | Q42: 0 | R42: =N42+P42-Q42 -> 0 | S42: =SUMIF($D$35:$R$35,"Stock In",D42:R42) -> 0 | T42: =Q42 -> 0 | U42: =SUMIF($D$3:$R$3,"Consumption",D42:R42) -> 0 | V42: =COUNTIF(E42,">0")+COUNTIF(H42,">0")+COUNTIF(K42,">0")+COUNTIF(N42,">0")+COUNTIF(Q42,">0") -> 0
A43: BBMG | B43: BBMG 90G | C43: =T11 -> 0 | D43: 96 | E43: 96 | F43: =C43+D43-E43 -> 0 | G43: 0 | H43: 55 | I43: =E43+G43-H43 -> 41 | J43: 0 | K43: 22 | L43: =H43+J43-K43 -> 33 | M43: 0 | N43: 0 | O43: =K43+M43-N43 -> 22 | P43: 0 | Q43: 0 | R43: =N43+P43-Q43 -> 0 | S43: =SUMIF($D$35:$R$35,"Stock In",D43:R43) -> 96 | T43: =Q43 -> 0 | U43: =SUMIF($D$3:$R$3,"Consumption",D43:R43) -> 96 | V43: =COUNTIF(E43,">0")+COUNTIF(H43,">0")+COUNTIF(K43,">0")+COUNTIF(N43,">0")+COUNTIF(Q43,">0") -> 3
A44: Lays | B44: Lays Potato Chips (Original) 50g | C44: =T12 -> 29 | D44: 0 | E44: 22 | F44: =C44+D44-E44 -> 7 | G44: 0 | H44: 20 | I44: =E44+G44-H44 -> 2 | J44: 0 | K44: 18 | L44: =H44+J44-K44 -> 2 | M44: 24 | N44: =24+16 -> 40 | O44: =K44+M44-N44 -> 2 | P44: 0 | Q44: 39 | R44: =N44+P44-Q44 -> 1 | S44: =SUMIF($D$35:$R$35,"Stock In",D44:R44) -> 24 | T44: =Q44 -> 39 | U44: =SUMIF($D$3:$R$3,"Consumption",D44:R44) -> 14 | V44: =COUNTIF(E44,">0")+COUNTIF(H44,">0")+COUNTIF(K44,">0")+COUNTIF(N44,">0")+COUNTIF(Q44,">0") -> 5
A45: Lays | B45: Lays Double Crunch - Seaweed Flav (50g) | C45: =T13 -> 0 | D45: 24 | E45: 24 | F45: =C45+D45-E45 -> 0 | G45: 24 | H45: =24+2 -> 26 | I45: =E45+G45-H45 -> 22 | J45: 0 | K45: 13 | L45: =H45+J45-K45 -> 13 | M45: 24 | N45: =24+7 -> 31 | O45: =K45+M45-N45 -> 6 | P45: 0 | Q45: 17 | R45: =N45+P45-Q45 -> 14 | S45: =SUMIF($D$35:$R$35,"Stock In",D45:R45) -> 72 | T45: =Q45 -> 17 | U45: =SUMIF($D$3:$R$3,"Consumption",D45:R45) -> 55 | V45: =COUNTIF(E45,">0")+COUNTIF(H45,">0")+COUNTIF(K45,">0")+COUNTIF(N45,">0")+COUNTIF(Q45,">0") -> 5
A46: Munchy | B46: Munchy Oat Krunch - Dark Choco | C46: =T14 -> 0 | D46: 45 | E46: 45 | F46: =C46+D46-E46 -> 0 | G46: 0 | H46: 15 | I46: =E46+G46-H46 -> 30 | J46: 30 | K46: 30 | L46: =H46+J46-K46 -> 15 | M46: 0 | N46: 12 | O46: =K46+M46-N46 -> 18 | P46: 0 | Q46: 0 | R46: =N46+P46-Q46 -> 12 | S46: =SUMIF($D$35:$R$35,"Stock In",D46:R46) -> 75 | T46: =Q46 -> 0 | U46: =SUMIF($D$3:$R$3,"Consumption",D46:R46) -> 75 | V46: =COUNTIF(E46,">0")+COUNTIF(H46,">0")+COUNTIF(K46,">0")+COUNTIF(N46,">0")+COUNTIF(Q46,">0") -> 4
A47: Munchy | B47: Munchy Oat Krunch - Strawberry & Blackcurrant | C47: =T15 -> 41 | D47: 30 | E47: =30+29 -> 59 | F47: =C47+D47-E47 -> 12 | G47: 0 | H47: 50 | I47: =E47+G47-H47 -> 9 | J47: 0 | K47: 37 | L47: =H47+J47-K47 -> 13 | M47: 0 | N47: 34 | O47: =K47+M47-N47 -> 3 | P47: 0 | Q47: 25 | R47: =N47+P47-Q47 -> 9 | S47: =SUMIF($D$35:$R$35,"Stock In",D47:R47) -> 30 | T47: =Q47 -> 25 | U47: =SUMIF($D$3:$R$3,"Consumption",D47:R47) -> 46 | V47: =COUNTIF(E47,">0")+COUNTIF(H47,">0")+COUNTIF(K47,">0")+COUNTIF(N47,">0")+COUNTIF(Q47,">0") -> 5
A49: Nestle | B49: Milo 200ml | C49: =T17 -> 48 | D49: 0 | E49: 36 | F49: =C49+D49-E49 -> 12 | G49: 48 | H49: =48+15 -> 63 | I49: =E49+G49-H49 -> 21 | J49: 0 | K49: 49 | L49: =H49+J49-K49 -> 14 | M49: 0 | N49: 38 | O49: =K49+M49-N49 -> 11 | P49: 0 | Q49: =33+0 -> 33 | R49: =N49+P49-Q49 -> 5 | S49: =SUMIF($D$35:$R$35,"Stock In",D49:R49) -> 48 | T49: =Q49 -> 33 | U49: =SUMIF($D$3:$R$3,"Consumption",D49:R49) -> 63 | V49: =COUNTIF(E49,">0")+COUNTIF(H49,">0")+COUNTIF(K49,">0")+COUNTIF(N49,">0")+COUNTIF(Q49,">0") -> 5
A50: Nestle | B50: Nescafe Latte 240ml | C50: =T18 -> 19 | D50: 24 | E50: =24+16 -> 40 | F50: =C50+D50-E50 -> 3 | G50: 0 | H50: 39 | I50: =E50+G50-H50 -> 1 | J50: 0 | K50: 35 | L50: =H50+J50-K50 -> 4 | M50: 0 | N50: 34 | O50: =K50+M50-N50 -> 1 | P50: 0 | Q50: =32+0 -> 32 | R50: =N50+P50-Q50 -> 2 | S50: =SUMIF($D$35:$R$35,"Stock In",D50:R50) -> 24 | T50: =Q50 -> 32 | U50: =SUMIF($D$3:$R$3,"Consumption",D50:R50) -> 11 | V50: =COUNTIF(E50,">0")+COUNTIF(H50,">0")+COUNTIF(K50,">0")+COUNTIF(N50,">0")+COUNTIF(Q50,">0") -> 5
A51: Nestle | B51: Nescafe original 240ml | C51: =T19 -> 14 | D51: 24 | E51: =24+11 -> 35 | F51: =C51+D51-E51 -> 3 | G51: 0 | H51: 33 | I51: =E51+G51-H51 -> 2 | J51: 0 | K51: 31 | L51: =H51+J51-K51 -> 2 | M51: 0 | N51: 29 | O51: =K51+M51-N51 -> 2 | P51: 0 | Q51: =27+0 -> 27 | R51: =N51+P51-Q51 -> 2 | S51: =SUMIF($D$35:$R$35,"Stock In",D51:R51) -> 24 | T51: =Q51 -> 27 | U51: =SUMIF($D$3:$R$3,"Consumption",D51:R51) -> 11 | V51: =COUNTIF(E51,">0")+COUNTIF(H51,">0")+COUNTIF(K51,">0")+COUNTIF(N51,">0")+COUNTIF(Q51,">0") -> 5
